Date,Close,High,Low,Open,Volume
2021-01-01,663.9057006835938,672.2682665596484,661.8324899943431,670.8706194358238,8810938
2021-01-04,659.689453125,669.9388655323093,651.7694526284428,669.9388655323093,15740192
2021-01-05,664.6743774414062,666.5612238531063,656.4282819563354,661.1802595459679,14386824
2021-01-06,661.8092041015625,670.8705931849613,658.3383464243002,668.5411814030691,22134050
2021-01-07,659.805908203125,667.4230735980611,658.0821661778708,667.3764967350231,19894842
2021-01-08,666.9805908203125,671.8024625861511,662.9972733043859,667.143638296372,13768764
2021-01-11,676.2049560546875,682.4711081726593,669.1468835112166,675.5294493534971,17331392
2021-01-12,689.9717407226562,693.0931296307018,675.1100828063389,676.6707772603617,20388156
2021-01-13,685.1499633789062,697.379376386846,681.1666461081561,695.5158467856361,16934650
2021-01-14,684.2647705078125,693.2330066489362,678.3247699468085,685.3828996345541,12297166
2021-01-15,683.286376953125,685.6157887609149,673.2000124513131,684.4277659907799,14165236
2021-01-18,690.9501342773438,700.1513111208578,683.4494394650668,684.8005097174363,42825632
2021-01-19,700.6171875,704.2510927173035,683.4494336192288,695.0033390897886,17360254
2021-01-20,695.0965576171875,699.2894993186317,692.301263149558,699.2894993186317,13346052
2021-01-21,687.0834350585938,696.1914025031128,683.9853055045107,695.0965901594512,26333054
2021-01-22,672.5245361328125,683.8687607747444,670.9405246579323,683.8687607747444,15392364
2021-01-25,681.5159912109375,689.9717673229738,677.9287198278455,682.5642265090312,20344718
2021-01-27,656.7078247070312,685.7323211979973,655.1005531628573,683.9153684499677,23556276
2021-01-28,638.934326171875,652.8409598159711,625.2141137122674,647.5298896517861,42704446
2021-01-29,647.8094482421875,656.3118016621228,635.6965063836496,648.2054368904044,28704502
2021-02-01,687.9917602539062,690.6705837659835,652.7011722469766,657.0105839837964,26370544
2021-02-02,727.03271484375,735.3952801723026,697.6122334393361,699.2893985040394,42420206
2021-02-03,733.6715698242188,736.8861126405844,718.3906055316733,735.6282530055202,20237254
2021-02-04,735.6748657226562,739.8212303398263,719.0661472568776,729.5718178288212,24484684
2021-02-05,744.293701171875,753.9141839806551,721.1859458069237,721.1859458069237,27054716
2021-02-08,747.8577270507812,760.157033858061,743.4085273561383,754.7294924916777,17447580
2021-02-09,750.9325561523438,758.4565684977024,739.2156020892459,750.0706850622241,18421366
2021-02-10,736.9094848632812,752.3301809012268,730.0377194757463,749.3019453067199,19788006
2021-02-11,732.5301513671875,744.3868921016784,728.7331985828974,737.0259277239086,13648618
2021-02-12,737.0026245117188,741.9177064770458,732.8329998671228,733.2523053924318,9910106
2021-02-15,753.1454467773438,757.0588701571608,743.8743760087222,745.4583874803633,10355244
2021-02-16,757.8275146484375,764.5129148084836,749.3484219951087,755.2884217902385,13897358
2021-02-17,739.1223754882812,755.5680457969456,737.4917872032456,754.7294347879077,12794426
2021-02-18,724.1209716796875,748.1837499704787,721.1858900765627,748.1837499704787,14720560
2021-02-19,717.03955078125,728.7331869999819,714.1976796726159,719.7882681632038,17139508
2021-02-22,721.1858520507812,733.2522158590447,717.20253535234,719.811521915512,29451838
2021-02-23,712.404052734375,725.7049605608184,709.375817264446,723.8647479080247,18239906
2021-02-24,748.416748046875,751.9108659969904,706.3941789149849,711.1694734468092,14314332
2021-02-25,748.3934936523438,762.3000718238334,746.3435997321809,749.9541883076643,20109570
2021-02-26,714.8499755859375,740.2405667287595,708.6071399675651,739.3786956512046,27912846
2021-03-01,726.2640380859375,732.6233438115595,717.7849448283059,728.640026799245,13536018
2021-03-02,730.5966796875,739.5882318050076,722.5835260028767,734.0907973180748,16110038
2021-03-03,739.2854614257812,743.5482966812122,729.1059425476798,737.9577079843609,11222410
2021-03-04,723.07275390625,731.9012020549309,717.0395431025222,721.4421656139571,16291438
2021-03-05,712.800048828125,720.0678026577812,708.653684228834,713.26593121298,17445822
2021-03-08,707.9083862304688,724.4472132861987,704.6472090645502,718.3907414066356,15117050
2021-03-09,727.9412841796875,729.4320851815223,716.6436354492188,719.788341796875,15066696
2021-03-10,724.7964477539062,733.7646827654844,723.119282710237,732.3670357506929,11055016
2021-03-12,723.026123046875,745.4117937253521,715.1527564719762,745.4117937253521,15631204
2021-03-15,712.1710815429688,721.3722581601378,705.9515634062038,721.3722581601378,12230386
2021-03-16,704.484130859375,717.6453095621886,703.4824722565825,713.2194264585876,13722366
2021-03-17,696.6571655273438,716.9929416198833,694.257860034132,710.1211769097512,21064428
2021-03-18,694.630615234375,709.0962856036157,690.0416852536216,704.2976744336461,18065540
2021-03-19,697.6588745117188,704.0414404652653,686.7339552850576,691.8353446743922,21235020
2021-03-22,684.4511108398438,696.4475821404212,680.3746400095504,696.4475821404212,14015632
2021-03-23,698.8934936523438,702.2944010496999,684.4278223858715,684.8471279199046,19761428
2021-03-24,688.9468994140625,701.8285019700834,685.3129940326869,694.5840649453481,16368900
2021-03-25,681.7489624023438,696.7504090066333,675.645914661059,694.257892802887,23964356
2021-03-26,694.7703857421875,698.3576571635782,686.7105981715239,696.0282453651673,12021258
2021-03-30,723.8413696289062,727.9644738383245,699.5456510700931,701.9216396323728,25607644
2021-03-31,695.865234375,721.1859305763878,693.2329875307913,721.1859305763878,30774506
2021-04-01,692.650634765625,698.5440583003154,682.5176929084517,698.5440583003154,35763762
2021-04-05,675.343017578125,691.8352635168494,666.6776175707822,689.5058518551766,16006586
2021-04-06,670.9871215820312,681.4228986380695,667.4464267425923,680.1882989132204,15075734
2021-04-07,674.2249145507812,678.6507968782688,662.2750777628881,670.544489480036,25088180
2021-04-08,667.516357421875,680.607642114467,666.4448051024162,676.9271596042018,17613592
2021-04-09,662.3682861328125,667.5163092761001,659.2701568738823,664.3482862847833,28157816
2021-04-12,636.884521484375,651.7694405705431,630.3388513880949,648.9741463293542,22549128
2021-04-13,652.3983764648438,655.2402475957199,634.065916270059,637.3270929150924,18600682
2021-04-15,666.2584228515625,669.3332353820249,648.0424320032669,654.5647857401797,34444984
2021-04-16,665.5828247070312,673.1999896868467,663.1835192520597,668.5178493633546,15606526
2021-04-19,658.0123291015625,660.4814717592332,639.3304557823059,647.5765517142435,24069242
2021-04-20,648.228759765625,664.5346431878645,644.7579018863605,663.8823964768933,23186270
2021-04-22,662.7177124023438,664.7210294656783,638.748085728293,642.9177104500769,38485312
2021-04-23,658.8275756835938,668.3548475577336,652.3284823935682,656.4282700647758,22713528
2021-04-26,654.4716186523438,665.7459499907978,653.5165369836191,658.2918315864222,30170952
2021-04-27,670.2649536132812,671.8023882068552,654.4715865158399,655.6129755923002,20592906
2021-04-28,688.0150756835938,689.0399941031312,666.6776413533339,669.123523685343,24103940
2021-04-29,686.0118408203125,700.524089098675,680.6541931670469,692.3944070156037,24078552
2021-04-30,657.9656982421875,677.299816724806,655.729440103264,673.2000290935819,35232902
2021-05-03,658.9674682617188,662.4383269504276,641.6599791749902,648.974311553447,22473700
2021-05-04,646.8077392578125,662.9505738100507,644.4550675488944,656.8707864882977,21486328
2021-05-05,653.446533203125,656.7077094558274,643.7095813031191,652.7011328623017,14421612
2021-05-06,652.6546630859375,657.2669102027188,649.9059455621662,655.776052406065,11477044
2021-05-07,659.1070556640625,663.8590328931218,657.0105850858768,658.2684446846265,12048334
2021-05-10,661.4830932617188,666.2118108456489,658.1986565682562,664.8141636900286,11060050
2021-05-11,653.8892211914062,663.5096466065934,649.9292210583383,650.3717865603421,14519034
2021-05-12,652.0023193359375,656.2418371551098,647.0406611587648,652.1187899181697,13774926
2021-05-14,646.1090087890625,651.7229145764641,644.0125379445341,649.6031268632764,10604142
2021-05-17,670.9871215820312,672.0819338397616,643.5233770555826,649.975836873246,15120692
2021-05-18,687.968505859375,690.7871170805363,677.8588806961257,679.6990933972745,22165280
2021-05-19,679.3497314453125,688.9702149247959,676.7175412324174,684.9403205622524,10130916
2021-05-20,667.516357421875,682.9370542259749,665.513040257813,679.4196191894328,10684184
2021-05-21,697.565673828125,699.7087212899272,672.2682391694295,672.2682391694295,19341646
2021-05-24,703.4591064453125,708.3508716405386,698.1247757186825,700.3377171165229,22146102
2021-05-25,689.0166625976562,705.2293907449414,685.0799795808001,703.7152731430117,19236974
2021-05-26,688.1316528320312,692.7671601737984,684.8471590151202,689.5059832261073,12283990
2021-05-27,690.740478515625,693.698820067959,681.3296209109294,686.2912793190759,20439496
2021-05-28,700.4308471679688,704.8800466813714,688.9235750364031,694.5840573735902,17750020
2021-05-31,706.207763671875,707.9082456590891,693.0000101466898,698.8235396437208,15661054
2021-06-01,704.2743530273438,711.4023760066137,702.2011992377004,708.2809868888664,11030162
2021-06-02,700.6870727539062,703.5755206514051,695.5623667696689,703.4823669271267,10624016
2021-06-03,708.3974609375,710.4472978705807,693.1164964428573,702.5506144418275,10287260
2021-06-04,699.2661743164062,708.4440918339504,698.450880106164,706.2777272726534,9424476
2021-06-07,698.753662109375,705.3459090268713,696.9600263568028,703.4823795446339,8091668
2021-06-08,690.9268798828125,699.4292332375256,690.2047394524685,697.2162919534222,9872540
2021-06-09,689.645751953125,699.7553774679799,685.8022220835438,691.3229172494055,10223442
2021-06-10,689.9951782226562,693.698920699178,686.5476369538969,690.4843206395184,11483540
2021-06-11,692.4642944335938,697.2163290397356,689.9951518338157,694.6306589694518,7205974
2021-06-14,689.2496948242188,692.3012472963337,681.3763277503531,688.690658691659,8881964
2021-06-15,694.2811889648438,696.9600125424635,687.083329230532,692.3011889292118,7569602
2021-06-16,691.6489868164062,696.0282926691292,688.6207512726651,693.2329983210603,7702098
2021-06-17,683.0301513671875,688.923574895063,680.1882802007045,682.9835745028993,9283802
2021-06-18,689.4127807617188,694.1647583728865,677.8588747869461,684.6141694154071,11938060
2021-06-21,693.5590209960938,695.0033017551335,679.722338162738,680.8171502942656,7260472
2021-06-22,691.2763671875,702.5506991606125,689.5059912186382,697.4259924691225,14366824
2021-06-23,692.0682373046875,697.7986130106734,688.8536376859736,694.1647078990134,7844868
2021-06-24,701.7353515625,705.089682030104,693.2329979253112,694.1647627074689,14785024
2021-06-25,705.8583984375,709.0729983058726,702.0847624487187,703.9948688755924,10383176
2021-06-28,702.713623046875,709.5388107687974,701.1529285666711,708.1411637351097,9356786
2021-06-29,702.8073120117188,705.6848435152247,698.1751031497531,705.1233878844295,10971692
2021-06-30,700.8655395507812,706.0592041820919,699.0875014782571,700.912318001838,9679022
2021-07-01,695.6483764648438,702.7838314781875,693.8937563795953,702.7838314781875,16911442
2021-07-02,692.6773071289062,696.8181995606326,691.0864399872784,694.8296299127342,14827036
2021-07-05,699.7191162109375,703.9536224628647,694.619065869047,697.1456732574342,7373882
2021-07-06,718.0841674804688,720.5640536285356,699.9765092391489,700.4444079752712,17669032
2021-07-07,720.330078125,723.0672742086946,714.8088503924621,717.756635169698,9629190
2021-07-08,711.4165649414062,719.4878176227463,708.1412739982538,713.5455269010719,8420922
2021-07-09,702.7838745117188,709.3344565644245,700.6783302804919,707.7202288337677,10695842
2021-07-12,695.7654418945312,702.7839231510329,694.361745643231,702.7839231510329,14458978
2021-07-13,702.7136840820312,704.7022536501623,694.408481768072,700.0232664310304,18178142
2021-07-14,701.4503784179688,705.2871250803108,697.683770870483,700.6783341056623,9788494
2021-07-15,711.5335693359375,714.3643794730821,701.6843354297325,704.187582188956,10438802
2021-07-16,712.3056030273438,715.8616218663434,710.6445968457965,714.9258244288939,5170628
2021-07-19,688.2789916992188,696.6309721194395,685.9394981856252,695.7653709427182,25111600
2021-07-20,675.248046875,680.3247365462768,671.9727558462353,674.7099519255372,24174250
2021-07-22,677.8449096679688,687.109327947589,676.1137071053906,681.3073719096726,13207114
2021-07-23,675.0608520507812,681.9389401209187,671.5750295688387,679.1549656917061,13126684
2021-07-26,671.22412109375,675.645741081775,668.2061401271644,669.0951591045279,13167166
2021-07-27,673.6571655273438,678.4063488416765,671.9493238181005,671.9493238181005,22401430
2021-07-28,663.15283203125,673.1658182413217,656.9297566466004,671.4580337267465,20670342
2021-07-29,663.597412109375,669.0718047196076,661.2813361088645,668.2763996793336,13702230
2021-07-30,667.43408203125,669.9139680037051,658.7779560259637,663.9482595406024,11655488
2021-08-02,665.6561889648438,671.4347272850675,662.6616254477191,671.4347272850675,13258786
2021-08-03,671.2943115234375,673.7274192851925,659.7372352838776,659.7372352838776,12033120
2021-08-04,685.612060546875,689.91670619602,673.7741993369066,674.242098086446,22053948
2021-08-05,694.7593994140625,705.1467852148428,681.915602462393,686.4541971765548,18822408
2021-08-06,698.4090576171875,701.848101893155,689.6827347936737,694.151190555678,13339270
2021-08-09,703.6728515625,705.2870791969536,690.6184666835877,698.1048457262282,10998048
2021-08-10,705.427490234375,711.089053111212,696.7011680096034,696.7011680096034,14838346
2021-08-11,699.4851684570312,710.6679592857763,697.660409142684,708.8197821888172,12585786
2021-08-12,702.503173828125,705.4041231454273,696.8416105444284,700.4444079659049,8597674
2021-08-13,714.1070556640625,716.3529925303717,702.3160299073076,702.4095868115091,16658428
2021-08-16,716.165771484375,718.2245372816506,711.8844867606579,714.0836450209575,6252778
2021-08-17,708.7028198242188,713.0776615079304,704.3279781405072,709.8959273107525,8282666
2021-08-18,707.9307861328125,732.4252734894459,705.7550455915143,728.377938007942,22985932
2021-08-20,708.7495727539062,711.112484091962,695.3209025897706,695.3209025897706,13150406
2021-08-23,713.3583374023438,717.3588940823976,705.8953760801488,715.8148055456828,10843054
2021-08-24,729.3839111328125,732.0275503345746,714.6918798434089,715.8850444307441,18381314
2021-08-25,728.7055053710938,732.1679674526881,724.3072458142872,726.2256192151633,7727974
2021-08-26,727.4889526367188,735.0688890534149,722.1782564719654,725.2430159343049,11119002
2021-08-27,724.5177001953125,729.2903010802559,723.0204472411375,726.1787633834301,6382138
2021-08-30,733.7822265625,734.6010493882512,725.9917008256144,727.8632958559031,9049166
2021-08-31,739.9351196289062,740.8474993755592,730.9514290559877,731.559720298122,12062576
2021-09-01,738.8589477539062,747.7022460675014,736.7066248018028,736.9405741904347,12422558
2021-09-02,743.4910278320312,744.8947239198199,735.185825979282,736.5193258393732,9618524
2021-09-03,737.4318237304688,747.7021781113503,733.8056085362491,742.1341717446589,10735334
2021-09-06,732.5889892578125,739.724444603404,730.8343690908638,739.2565458922177,7876896
2021-09-07,734.2501220703125,740.2158312029533,727.6761217089012,731.0918054706792,7245496
2021-09-08,737.595458984375,739.5138320669042,732.5421306101919,735.5132756776312,6724080
2021-09-09,733.9458618164062,739.0225510973258,730.3898432533427,736.4725261247671,8250948
2021-09-13,727.83984375,741.1515388839704,726.9508247989902,730.8577675105819,8959164
2021-09-14,724.5646362304688,732.0275984882848,723.6521993929138,729.9220541014536,9758506
2021-09-15,723.7457885742188,727.4889784667846,718.2245606360663,718.2245606360663,14822998
2021-09-16,729.8986206054688,731.9340258288291,718.8328610372279,719.5112913673174,10260550
2021-09-17,740.2860107421875,743.4911057217695,729.547700275712,734.1331308228171,20498102
2021-09-20,729.851806640625,740.0753822447209,728.9862054323227,731.7935977510607,8781610
2021-09-21,726.1554565429688,733.9694000920663,715.3937850806404,730.8578619198661,14774996
2021-09-22,717.6162719726562,725.3132404864232,715.8850694878332,724.7751455141527,10582202
2021-09-23,734.6010131835938,735.5368106526174,721.4998486172622,721.4998486172622,13664304
2021-09-24,749.3632202148438,752.3577263390091,736.940486313232,738.812081199107,20806702
2021-09-27,760.3821411132812,765.2482988576648,752.3810850278968,755.9838820536164,16415462
2021-09-28,755.6798095703125,763.6106695972712,740.2157348669626,763.6106695972712,12773790
2021-09-29,745.7603149414062,751.7260232333723,741.689619188798,747.2342072368468,16263036
2021-09-30,746.2750854492188,751.6091426009663,740.7304967074409,742.0874145002653,15975348
2021-10-01,740.5432739257812,743.4910586790553,732.3784641896735,740.6836663870009,11128596
2021-10-04,741.9703979492188,749.2696065845623,740.9644042742369,743.4910687947713,7051028
2021-10-05,746.5089721679688,747.4681873677021,737.5253398049078,744.8947444690965,10257178
2021-10-06,755.6097412109375,761.201108711065,742.5553539989876,746.766442963065,18600830
2021-10-07,753.5509033203125,761.5987386153337,751.9132577682348,761.084061436561,11265724
2021-10-08,749.8779296875,758.9317589146212,748.7081828334393,754.2527714983781,7245562
2021-10-11,764.4530029296875,769.6934460990624,748.1701035333743,748.5912238329689,13080848
2021-10-12,762.4877319335938,768.079155828651,760.3354092752614,760.3354092752614,8176946
2021-10-13,767.0732421875,771.0971601191812,762.6749823994329,765.9502737348906,6225644
2021-10-14,789.5322875976562,790.7488128094394,766.4180801076105,766.4180801076105,14757288
2021-10-18,781.5311889648438,807.1252239441683,780.0105182530649,797.7672503332213,28856456
2021-10-19,790.1405639648438,791.8951842055869,781.8587792751537,783.9409057808846,8987540
2021-10-20,783.1922607421875,794.8429502889365,778.7940013526002,790.327716219395,10908568
2021-10-21,784.338623046875,786.982205040292,777.1095537754028,782.233078871667,9738190
2021-10-22,786.4207763671875,799.1710165314034,781.7417891509615,786.1166307748242,12175554
2021-10-25,775.3082275390625,790.748886264946,755.0950244172517,790.748886264946,16426766
2021-10-26,773.319580078125,783.1922312714548,770.3250169606707,772.0328586470465,12090656
2021-10-27,768.6640625,779.0748093238908,766.090619464881,773.3196320532794,13249642
2021-10-28,745.6433715820312,772.0328702050767,742.6254477542099,772.0328702050767,17797750
2021-10-29,740.6134643554688,749.5737361074018,729.9219902169456,743.9589515672715,12406874
2021-11-01,751.1178588867188,753.7848588180418,740.9410614445757,741.6194917607675,8122320
2021-11-02,751.7962646484375,758.9317200932103,748.6613660865314,751.44534061017,13237722
2021-11-03,739.9583740234375,753.2701262679756,737.1978173950451,751.0241896681732,10207338
2021-11-04,745.80712890625,747.6319453057723,744.005730288937,746.298445400309,1096808
2021-11-08,748.7548828125,750.8370091478968,734.8114789267887,744.9414970446072,18943580
2021-11-09,735.6536865234375,746.1112104118164,734.1564336207281,746.1112104118164,12695476
2021-11-10,727.699462890625,734.1330701015211,725.2429946828283,733.6651713952741,13714126
2021-11-11,724.4476318359375,727.5357520533504,718.5052836512886,725.2664546194623,7999404
2021-11-12,726.646728515625,729.4775386819591,722.9269564545162,725.2430323240301,14914092
2021-11-15,728.6353149414062,735.4666251415645,727.3018149519153,730.904612413564,9533594
2021-11-16,724.3072509765625,728.6118965466009,721.3126876112315,727.582542163149,8245406
2021-11-17,716.2593994140625,722.4356398093381,715.1832094874179,719.1135702464771,7598878
2021-11-18,720.2833251953125,722.2016985884679,713.6625466615229,714.0368884967193,9152874
2021-11-22,709.0303344726562,726.5063407477103,701.4036193856,723.3714420794946,15261272
2021-11-23,709.1239013671875,714.8556604723817,700.1402120099383,702.7838511021728,11235214
2021-11-24,710.2937622070312,718.8562755674793,708.4221670965661,713.0777370872281,30802286
2021-11-25,713.9900512695312,717.4291526623336,705.1233930948175,708.7730260715878,10251652
2021-11-26,697.122314453125,704.9829786803473,694.8295993014816,701.8480801025066,18624936
2021-11-29,702.4329833984375,705.4275467576333,684.0679578541319,699.4150593721698,12990996
2021-11-30,698.8301391601562,715.4171255354036,695.5548481995625,699.5085694410911,25221542
2021-12-01,704.0238647460938,705.1468331680238,696.7480163459117,699.5086303908303,8677634
2021-12-02,713.8964233398438,715.3235371851069,701.8480321217536,703.9535762181189,11203110
2021-12-03,708.1881103515625,718.6689956881011,705.146768758102,713.9198695084689,8124694
2021-12-06,703.6260986328125,710.6445792398034,700.6081177018816,707.9307438918171,7029532
2021-12-07,713.8731079101562,716.820892914321,706.4803418484618,708.3752975369557,12427534
2021-12-08,727.0211181640625,727.6059916156952,717.7566998435823,718.6924973661944,15295534
2021-12-09,714.4111328125,727.4421004421224,712.1418354958904,722.9970627041388,11747744
2021-12-10,712.3992309570312,714.9492561772763,705.8018132009037,713.4987815442046,7779384
2021-12-13,707.0651245117188,719.4644399316592,705.216890396181,714.0134087105283,10322142
2021-12-14,702.994384765625,709.3344350495244,700.4677774580217,703.0178025474343,9191100
2021-12-15,701.8480834960938,712.7735072392076,699.8127354772637,703.2517796630859,10115148
2021-12-16,701.8948974609375,709.8023976917555,699.0407265336075,707.8372458051468,13210432
2021-12-17,689.2382202148438,704.6554599209462,686.7349164136573,700.4443715150442,14994768
2021-12-20,667.0597534179688,682.1962640397126,661.6555009076649,679.3888720066274,21156668
2021-12-21,674.616455078125,678.8041261339001,669.0952268629861,673.5402650834045,9118750
2021-12-22,676.2072143554688,681.2605434308314,671.7621764690725,679.5293409953787,8577484
2021-12-23,675.6925659179688,682.1028129914248,672.3003000182912,679.9738508560433,9779166
2021-12-24,673.259521484375,679.3889836741034,668.1594136960191,676.347641805039,5561024
2021-12-27,678.8274536132812,680.3247065996217,665.4221444980343,668.580460708177,4705098
2021-12-28,683.5065307617188,686.3607017715158,680.0440685179192,683.459695192528,5450678
2021-12-29,680.2545776367188,683.6000650800983,677.2366535841128,681.2839891435909,7668702
2021-12-30,683.8340454101562,686.3372923809242,676.1137157835619,682.4303491144119,7215918
2021-12-31,692.2094116210938,694.7360762558859,683.8340127004611,683.8340127004611,6325736
2022-01-03,711.042236328125,712.6096854736531,692.7239916899169,694.8295357376066,9069184
2022-01-04,715.2066040039062,717.2419519918268,705.4977056629859,711.2060471421149,8857352
2022-01-05,732.1913452148438,735.5368326901471,714.9960662063432,719.0668195884875,14332638
2022-01-06,720.447021484375,727.4655019664439,715.9084269525865,721.96769225549,9628930
2022-01-07,725.5004272460938,733.0803641242641,718.6456991580834,722.4356675971685,11179384
2022-01-10,729.5242919921875,735.536779049019,723.137463117213,728.9861970473102,8856496
2022-01-11,732.6825561523438,733.9926381894911,724.2136014478044,730.6472083128816,8389198
2022-01-12,728.3545532226562,737.7125276138084,726.1788127534048,733.6651922663265,21085530
2022-01-13,714.9492797851562,727.5825458546584,711.3932607592723,727.5825458546584,41963896
2022-01-14,722.9738159179688,724.6348223275555,710.7382513201867,715.8851379327753,11208968
2022-01-17,711.9078979492188,728.0504036864833,710.8083473875251,715.8850370439071,22989372
2022-01-18,715.5341186523438,725.664137379117,712.6097516478794,717.2887388550224,12341152
2022-01-19,710.4807739257812,720.4470393034343,708.0945019261654,717.7566217187649,14317626
2022-01-20,706.0592041015625,715.183229601881,701.8948938601593,715.1598118180823,15197846
2022-01-21,711.9547119140625,715.791515854972,695.1103572609701,701.8481105455162,11537694
2022-01-24,695.6016235351562,711.790907358927,686.6647696631117,706.5036291281489,11868508
2022-01-25,696.2567138671875,699.5085871279545,675.6457523831212,682.5004800615633,13594248
2022-01-27,690.1272583007812,694.8296637200515,671.4347255476591,678.4532069993768,28617838
2022-01-28,684.65283203125,695.6250346492707,683.1321611246369,691.3203890833227,24925208
2022-01-31,695.1571655273438,697.8944189691098,686.3139246484154,689.0978994263672,12842546
2022-02-01,700.4443359375,709.8023096975201,689.4252989884608,705.8251708495114,14739484
2022-02-02,716.4464721679688,718.2245100884196,704.468276778076,707.439422122886,13969290
2022-02-03,709.0303344726562,720.5406318948554,706.0591889378767,715.3001889256323,10564762
2022-02-04,713.07763671875,717.2185288944974,708.4454280490403,715.1364024737923,11579958
2022-02-07,686.9454956054688,710.7381333465257,683.1321097339879,707.5096208566665,12268042
2022-02-08,683.9976806640625,691.76478740517,675.9030676903482,690.8056293716563,13981130
2022-02-09,700.72509765625,701.7076735253208,686.4074085334615,689.6826995080589,11308342
2022-02-10,713.5923461914062,718.4585044373451,702.6201437504593,708.3986816790235,14314530
2022-02-11,710.6680297851562,713.5456186212665,701.6142000803864,701.9651241551181,10711104
2022-02-14,689.5422973632812,701.5906889934671,687.4835887585406,697.1690690864813,14656620
2022-02-15,710.1766967773438,713.4987662506672,689.238229154205,690.6185075252026,13135066
2022-02-16,709.2174682617188,718.1075437339092,705.1233545574205,717.9203728269758,10032264
2022-02-17,704.8894653320312,712.1418959411561,702.7839209616402,707.9775856519622,7351208
2022-02-18,707.6265258789062,709.8022660676812,697.3795338182344,701.0525839865,7796128
2022-02-21,712.1885986328125,716.2125160226459,699.7659224389105,703.7196436005554,7468066
2022-02-22,706.8545532226562,712.1886099012698,696.209857647376,697.0755159478297,9536196
2022-02-23,702.269287109375,713.8731425303067,699.812818525624,713.5924146869023,9029562
2022-02-24,664.1354370117188,690.1271759497945,658.4036778434378,678.4063475939694,23630766
2022-02-25,681.3073120117188,685.8927422957805,670.4286668157401,673.7507362909885,18318654
2022-02-28,667.3405151367188,673.0956919438478,661.6321738924195,667.2235404627246,24880832
2022-03-02,643.0098266601562,654.3095923595013,633.7220483369093,648.7415860755369,38505560
2022-03-03,641.4890747070312,651.3149467484956,637.6991069143452,646.1680613934428,17527922
2022-03-04,639.3836059570312,648.5076310694807,625.5338151583654,636.3422642528815,21219364
2022-03-07,619.8722534179688,623.4048545200336,606.8880638056838,616.9244686053191,27054458
2022-03-08,621.2759399414062,624.1768891432812,604.5251430083352,609.2976870802052,39212492
2022-03-09,641.559326171875,643.2203323186494,617.0882008482499,622.3052828761213,23134694
2022-03-10,651.6425170898438,667.6914658500247,645.8172009386801,667.6914658500247,22273206
2022-03-11,653.5609741210938,659.2458980426811,642.284568944958,649.4434424176493,15150780
2022-03-14,674.9673461914062,678.4531689369124,662.0767131349869,662.0767131349869,25018126
2022-03-15,666.2877197265625,678.2191360559357,660.5559609016676,675.4117439784361,18867928
2022-03-16,677.5875854492188,680.7926804596888,671.9961611232817,677.0494904640341,13364108
2022-03-17,692.5134887695312,697.0755010615136,688.0684511517023,688.746881415176,14823954
2022-03-21,695.5314331054688,698.8769203085982,689.1212436187219,695.765382460701,12257876
2022-03-22,699.11083984375,700.9122383788925,681.8219489596073,693.098353094048,10461814
2022-03-23,692.13916015625,710.6445768066046,689.4955210466934,705.1233492347262,31188256
2022-03-24,675.01416015625,687.647426725265,671.2241916088551,685.9395848213293,20160044
2022-03-25,669.5162963867188,679.3889480514861,663.948290141225,678.9210493269327,16366462
2022-03-28,670.4053344726562,672.8383850629837,655.8068595810566,669.5163154473864,15754886
2022-03-29,679.2953491210938,683.2490702523118,669.0951347103618,674.2420203619799,12377448
2022-03-30,691.06298828125,693.7768236906089,680.3481533388308,688.7469124751822,20109742
2022-03-31,687.9749145507812,694.6892501793495,685.8927879631939,688.2790601611094,14295714
2022-04-01,704.6554565429688,706.5270513810643,687.9514954595828,690.8056661643701,14568556
2022-04-04,775.2146606445312,805.7684143080922,731.1152040942818,739.2800143171792,97450970
2022-04-05,752.4981079101562,779.8467649375319,749.573740943305,779.8467649375319,30922582
2022-04-06,725.6407470703125,743.8654372020744,724.0031014858087,742.882804158136,27027860
2022-04-07,709.6854248046875,721.1957225623213,708.258310779131,721.1723618948894,40781732
2022-04-08,708.7028198242188,713.8964842819717,700.5847883163185,707.5096552211411,41256322
2022-04-11,700.0466918945312,706.5270778408221,698.6897741627865,704.6554829326345,20799066
2022-04-12,698.8067016601562,705.0531378211556,692.5602654991568,694.3616640533457,27435402
2022-04-13,685.4482421875,702.9243059694253,684.3721093462098,697.1691285715119,28892520
2022-04-18,652.9292602539062,669.8672285581865,650.4026528038955,663.8781019646151,45620376
2022-04-19,628.0136108398438,650.1686599267982,620.9015734629207,646.1213247578577,74096022
2022-04-20,633.67529296875,636.2955145164841,624.8085774843098,633.7454320872375,49325736
2022-04-21,643.056640625,645.6067231021995,633.2074061310639,638.6817987018899,52446270
2022-04-22,634.283447265625,643.5244463133578,631.2655235877911,636.3422129071619,20659148
2022-04-25,639.0326538085938,641.3253688772705,618.6790602221586,631.6632492341948,20935488
2022-04-26,641.98046875,646.6126204361926,635.0087663212903,641.9570509671229,17016842
2022-04-27,642.21435546875,645.2322791052595,634.5173879201604,636.3422041937295,18054334
2022-04-28,641.6528930664062,645.2323296688057,637.3248299413617,641.9570386552584,20773722
2022-04-29,647.8526000976562,657.2807713665148,641.7465556586802,645.8640304031856,28401476
2022-05-02,656.7894287109375,658.0761502267766,637.3014921733744,637.3014921733744,19494316
2022-05-04,634.4706420898438,656.7426089581849,631.6632498682072,655.0581850485112,29055916
2022-05-05,633.0435791015625,643.3607691923194,630.0256550672423,643.3607691923194,17862912
2022-05-06,616.5033569335938,624.6448062814701,614.3510341929365,622.3053126249852,26731268
2022-05-09,617.5560302734375,620.6675677620424,606.1627094125337,608.2682533664946,32762434
2022-05-10,627.4756469726562,633.0670142369999,615.310279367215,615.310279367215,20113812
2022-05-11,631.00830078125,634.0028644795932,621.673742708042,633.0670668936455,17102924
2022-05-12,616.7843627929688,628.0261632360961,612.0272830721492,625.3280964613642,22382290
2022-05-13,611.246337890625,623.8608344529532,609.187324689644,620.0978123194584,16768238
2022-05-16,617.7546997070312,621.0207502699137,608.382622442987,614.867343445593,9804356
2022-05-17,621.9674682617188,623.3874853125446,614.4886886817793,621.3047820818717,16641444
2022-05-18,621.9201049804688,631.1028928608465,620.0740713797754,626.7245072423251,15732384
2022-05-19,609.2109375,613.636645262878,605.0692215597546,608.8085531555822,20537506
2022-05-20,625.257080078125,626.7954317079133,611.7195972921158,616.760668804318,13919350
2022-05-23,617.2340087890625,629.5171317872963,614.9146363103386,621.9673984270154,19486320
2022-05-24,624.3104248046875,627.1741487470705,613.8733349599582,615.3406742424088,12870796
2022-05-25,628.9728393554688,632.3571667282956,626.3220949288518,629.5408230008094,12887112
2022-05-26,646.9124145507812,648.9477954459832,634.2742858480068,635.2919762956078,26992428
2022-05-27,658.9115600585938,660.1658621498103,648.8294165218157,649.326445570491,24031718
2022-05-30,663.4083251953125,672.3780764931545,661.940928011891,667.5263515483781,12624674
2022-05-31,657.4441528320312,664.9466218858126,653.2077920753914,660.7338934097787,13485388
2022-06-01,660.2369384765625,662.8876255046422,652.8055387723787,653.2078653942101,12091896
2022-06-02,655.621826171875,656.9945208046117,652.5451227243029,656.6395165606611,11475020
2022-06-03,653.349853515625,663.0296130823147,651.4564974904033,661.8699556291225,6957244
2022-06-06,652.47412109375,656.5211926538722,644.0487215665758,651.4564884687982,6173266
2022-06-07,644.9716796875,650.5097803969437,640.9482983756177,644.6876878569063,10253966
2022-06-08,647.2438354492188,653.6812350419457,642.3210977204348,650.0365474302195,5986588
2022-06-09,652.119140625,654.178211573515,642.3920584937911,644.8060759244232,7311816
2022-06-10,639.5283203125,647.5040710182226,635.9782777627149,643.7883713722422,9155430
2022-06-13,627.9315185546875,629.5408827433928,619.2694493477306,626.511501525943,10892572
2022-06-14,621.020751953125,627.6474977818931,617.707379038741,620.6657477122982,11870356
2022-06-15,618.8670654296875,622.819492387173,614.5833820581435,616.1217338404382,11810470
2022-06-16,606.4893188476562,625.067875670894,604.9272769451651,620.0741258201614,12169192
2022-06-17,610.489013671875,614.867399697434,601.8978987250547,603.5072629824699,14723922
2022-06-20,625.8251342773438,627.174138793338,612.5716430424657,617.5653345357969,15936840
2022-06-21,632.6412963867188,640.9010392530179,626.72455857973,632.8069534891858,13220684
2022-06-22,629.6591796875,632.8305277490141,626.3221167580701,630.6058576498191,8159698
2022-06-23,631.9786376953125,638.0610328694298,624.0975310373467,629.777599579211,15372244
2022-06-24,640.8063354492188,644.5220348931247,633.5879159905552,633.5879159905552,8013432
2022-06-27,641.9660034179688,651.3144484447005,639.9543127160139,648.4744145125288,9804164
2022-06-28,637.0669555664062,639.48097284931,633.5169131560658,636.1675999329924,9770574
2022-06-29,636.1439208984375,639.3626491851958,630.1325387583134,630.1325387583134,9994046
2022-06-30,638.0609741210938,640.9010081305348,632.3809061022116,632.3809061022116,12475822
2022-07-01,640.7826538085938,643.7410224780701,629.5645429261943,636.1439086225995,11472452
2022-07-04,641.6820068359375,643.8356645501927,635.3392528781949,640.7589611464242,8487480
2022-07-05,640.2383422851562,652.9001609789714,638.203019182199,645.6344186304245,14325718
2022-07-06,649.0661010742188,650.0837914761512,637.6349527152158,638.0609693695875,15049078
2022-07-07,660.6865844726562,661.7279071370114,650.5807508251304,653.2078053283803,17743142
2022-07-08,661.3018188476562,667.4079027051275,660.1894838992741,667.4079027051275,12474030
2022-07-11,665.5856323242188,667.3606535366644,659.4795477972783,659.8345520397675,7462880
2022-07-12,658.7932739257812,665.1596606593656,657.6572487168633,665.1596606593656,9876974
2022-07-13,642.7233276367188,659.9291881427924,641.0193188510601,657.9411875229638,15945610
2022-07-14,639.5046997070312,649.7288108809627,638.6526663672696,644.6877388120965,10372410
2022-07-15,644.7113647460938,646.0603692493304,637.4929454810771,640.4276239716492,13595646
2022-07-18,637.8479614257812,646.6283647787831,635.2445970528642,638.0609408531288,20332220
2022-07-19,638.0846557617188,643.0547152126437,632.8542367511087,632.8542367511087,15792538
2022-07-20,646.1314697265625,648.9951362061317,641.4927240936499,643.6937621519263,20347862
2022-07-21,644.0960693359375,648.237785747247,642.8417093809554,644.0014246445072,12640278
2022-07-22,659.1245727539062,661.2545983032007,644.877080080309,646.5810889636165,12729592
2022-07-25,661.0652465820312,664.8519586435416,654.7698724481547,660.3079157258574,10143126
2022-07-26,659.7161865234375,663.6212330086884,656.1898343247683,660.7811992012332,8527964
2022-07-27,664.75732421875,665.5146550866178,655.2195315104202,657.4205694862873,9212778
2022-07-28,670.6503295898438,674.0347148899765,667.8813080826944,669.7983540849104,17420406
2022-07-29,678.86279296875,680.9454961932345,669.9167317996424,680.6615043400415,20019736
2022-08-01,684.5191650390625,685.6078100048894,676.8984191557296,681.1347798374608,13193036
2022-08-02,676.9931030273438,683.7855061039321,673.5850853482716,682.5548362631915,15036510
2022-08-03,678.5787963867188,679.5964868191563,670.7213803397141,674.4844023747412,10975498
2022-08-04,677.7741088867188,684.7794912450086,668.8043003902649,681.6081431357295,12012206
2022-08-05,675.4784545898438,680.1644645453026,672.6857428860559,678.2947985756512,9268982
2022-08-08,692.0452880859375,693.2049454902074,675.5020558450844,675.9280724889151,15357736
2022-08-10,694.0570068359375,696.5183465521361,685.8919089915445,691.7139440904666,17353102
2022-08-11,703.23974609375,705.748465966316,697.9620623413853,703.6184404151097,18301766
2022-08-12,702.9794311523438,704.9437995689399,698.6246776607533,702.9084187458374,8850370
2022-08-16,711.0261840820312,714.0318751491698,704.3521157975206,707.5471540191029,12563756
2022-08-17,714.694580078125,716.0435846954439,703.2634314733141,710.0085123405493,12384350
2022-08-18,715.5465087890625,716.5878892073837,709.8428087816419,710.0084658675503,8342138
2022-08-19,706.71875,715.6885000865827,705.275043074741,714.7418221764153,8063702
2022-08-22,695.9739990234375,704.494101169479,694.7196390958088,702.8137823590608,8234066
2022-08-23,693.8203125,698.6246570090722,686.5308805205054,687.903575143371,14966884
2022-08-24,697.1572875976562,698.4116474192263,690.6961991270781,691.9742490093071,13455520
2022-08-25,693.3706665039062,703.7604928802608,689.654966674725,700.4944420172992,11823040
2022-08-26,693.4889526367188,701.3937485514476,691.642918993121,696.778693332773,7706176
2022-08-29,681.32421875,684.4482448258565,676.2121340581302,680.188193509513,8653178
2022-08-30,703.4290161132812,705.2513595511165,683.075440856041,684.661114814141,10135400
2022-09-01,696.8259887695312,705.014718429371,690.6015696459982,693.3232687724303,22403136
2022-09-02,703.14501953125,705.5117143125736,693.5362156068223,696.8259560212427,12038086
2022-09-05,707.6654052734375,709.5350709739579,702.4823092126866,703.4289870925718,12131932
2022-09-06,704.9674072265625,713.156194796427,703.5947126110668,709.4878176550125,12238696
2022-09-07,701.6304321289062,705.2751193650466,696.4237030597683,696.4237030597683,9776206
2022-09-08,708.8724365234375,710.0084616181538,701.5593724810251,705.3223942153467,11164690
2022-09-09,709.3458251953125,714.2685624302175,707.1921673792319,708.2098000210051,15128888
2022-09-12,706.9554443359375,711.9018134782359,705.2750678740501,710.0084575913257,11080492
2022-09-13,716.209228515625,717.5346008263482,709.3221807419732,709.4878378356536,13001966
2022-09-14,723.5696411132812,728.4213656433966,706.3874130797399,707.1921240116534,20219760
2022-09-15,719.8065795898438,729.3916941454547,715.6885534856144,724.2086553128241,13539372
2022-09-16,706.5767822265625,716.9665500169183,701.9617270420313,711.4758292509372,20560046
2022-09-19,711.2391357421875,716.6352116395905,700.5416864112245,704.8017372069685,12076038
2022-09-20,719.8065795898438,721.3686213704209,714.694553161901,716.6352314664156,10781668
2022-09-21,718.6942749023438,720.1853043412685,712.3752106694769,713.7952277007117,9072304
2022-09-22,703.3817749023438,714.8129236481702,701.8434231066286,710.9551991274026,12048144
2022-09-23,684.5191650390625,698.1749828076821,680.1881018946707,696.920622977358,15806252
2022-09-26,675.2890625,679.9277498021432,671.1946687964193,674.6736987181858,8923486
2022-09-27,669.2303466796875,681.6081733278456,665.9879860224158,678.0108084136324,12639700
2022-09-28,657.7282104492188,667.6919614261478,656.0005115959231,665.5146136488581,11816132
2022-09-29,654.3201293945312,663.7158966193714,652.6398106789119,660.9232428535685,14410388
2022-09-30,672.7803955078125,677.5611079896381,646.1077536442672,652.6398551450152,15781756
2022-10-03,668.922607421875,671.1236451823496,663.1952174570123,667.3842557736752,11541112
2022-10-04,687.7615356445312,690.1282305366321,675.0523956300766,676.6380696516569,11538526
2022-10-06,680.1881713867188,692.3056387362966,678.8627990191503,691.0512787778197,12549198
2022-10-07,677.2534790039062,679.2177896720063,672.3070516782196,676.9931194360024,13297994
2022-10-10,669.7747192382812,674.9814485044445,661.8226005195202,666.4613460689046,13109302
2022-10-11,662.9822387695312,670.721319359864,662.4141973381068,663.195218193418,14521620
2022-10-12,667.3132934570312,669.7036205529012,661.3965564168059,664.1892100752841,9225050
2022-10-13,659.6452026367188,665.6329523957306,655.1011599044915,663.6449517568307,14714234
2022-10-14,681.1348266601562,684.9215386916234,669.8930253167381,670.7213685736215,12849920
2022-10-17,684.7085571289062,689.9389184377674,675.4547565184473,679.2414685381723,18410500
2022-10-18,683.4305419921875,692.4476735610679,681.6081982959277,690.1519908382136,10561108
2022-10-19,690.4359130859375,699.3110189397639,687.9508834468661,692.9682650667686,12967040
2022-10-20,685.7735595703125,687.7142378951055,682.7915007873737,683.5015092803935,7898078
2022-10-21,680.9454956054688,689.9626269558933,678.7681476920131,687.2882499642978,10492606
2022-10-24,691.5719604492188,692.4949483754677,688.3769222390107,688.3769222390107,2167794
2022-10-25,686.767578125,694.7670189147169,683.9748664222344,691.5956128933714,13773394
2022-10-27,688.4242553710938,694.5539723285599,686.9332259601686,693.2049677303476,15937276
2022-10-28,690.4595336914062,694.3882702618566,685.1108379889911,686.3415077571179,10474278
2022-10-31,708.4464111328125,709.061774904196,694.5066016209489,696.7549617216131,12830528
2022-11-01,716.2802124023438,723.7353013468916,709.4878095867721,711.6651573414332,19073756
2022-11-02,716.7298583984375,723.3802941610854,715.4991886100082,718.0552306509842,12720406
2022-11-03,713.582275390625,719.5936579391653,708.5885255286502,708.9198397362794,10332352
2022-11-04,708.6594848632812,717.6292356675809,705.0857523541924,711.5231511022943,10818060
2022-11-07,714.173828125,715.6884896469201,706.2690330220277,714.7418117505617,9835834
2022-11-09,713.9608154296875,718.504857932011,711.9018024905791,717.1322211596956,9269790
2022-11-10,721.7236938476562,722.7887066767477,707.6655476159063,708.6358579695811,12774182
2022-11-11,762.6201171875,774.8559183927981,727.9953588809551,731.3087317757319,56722338
2022-11-14,764.4661254882812,770.5958420285266,756.3956729493768,763.0224185196467,19195390
2022-11-15,766.3358154296875,768.3001837702703,759.8274043968535,768.3001837702703,11030202
2022-11-16,772.915283203125,777.2226566503574,763.022486309608,766.170202291269,13578150
2022-11-17,765.9335327148438,772.2762870225876,763.9218419167568,765.9098426520217,12100930
2022-11-18,763.921875,768.2292486333745,759.8274808186842,767.2825705697473,10459232
2022-11-21,756.0880737304688,763.0225019450933,752.7036881737774,760.9634887596205,8344816
2022-11-22,754.9757080078125,759.4014161193165,753.0823520002695,757.3424030172414,8546314
2022-11-23,756.9400024414062,759.7090237756768,754.5022952638185,759.7090237756768,10185738
2022-11-24,769.2468872070312,772.4892478000642,756.9400732102165,760.1587437409996,17197960
2022-11-25,765.69677734375,772.3471550385603,764.0164009297646,771.4004771220918,8410496
2022-11-28,757.460693359375,760.8687108608916,754.5260148319932,758.7150531969597,16105980
2022-11-29,756.32470703125,763.188122507995,753.958012039269,756.0407151883402,12638236
2022-11-30,761.342041015625,763.4484340945068,755.969655277555,755.969655277555,15184806
2022-12-01,766.572509765625,774.8559422576894,764.4424842676656,767.7558572644913,20446366
2022-12-02,760.703125,766.1465237122118,759.7801370262731,762.0758197096427,7811078
2022-12-05,763.4721069335938,764.2531278294877,755.5436787874839,762.052089952201,11592622
2022-12-06,762.6201171875,763.827096930786,757.342375948978,757.8157149339461,12353092
2022-12-07,762.2887573242188,766.1464816690436,759.4487233693498,764.0401462647712,11674720
2022-12-08,766.572509765625,769.6492132626774,759.7090942722001,762.0757892699328,14803634
2022-12-09,772.0396118164062,773.8382653777363,766.8091926677436,769.649226714661,11963384
2022-12-12,778.0509643554688,782.7133418481023,767.4718494913106,769.175858298182,14434808
2022-12-13,780.2047119140625,784.322738181516,778.6426700715715,781.0093651173817,17031702
2022-12-14,786.8077392578125,788.3460909814328,781.0093366072435,782.4293535828931,14227640
2022-12-15,772.3946533203125,790.1921893164714,770.1462929247442,784.3464638441227,18182648
2022-12-16,776.1102294921875,778.6899036859147,761.6023789583885,766.8327975258877,14647958
2022-12-19,778.5243530273438,779.4237087213362,769.7438910954138,778.1693487623974,9604542
2022-12-20,773.1519165039062,774.5719334714851,766.9038071781762,766.9038071781762,7174698
2022-12-21,765.673095703125,778.5479501770524,760.442734825503,776.7492390037293,9269198
2022-12-22,763.046142578125,770.3592068674686,761.6024355451656,767.850487106121,9747096
2022-12-23,756.2301025390625,759.3068061921712,750.4553317833038,751.1890303820713,10693152
2022-12-26,771.2822265625,775.8026372192614,752.6090257343659,757.1057463283763,9907322
2022-12-27,772.0632934570312,774.358976235593,763.7325379429427,772.9626491855131,7926772
2022-12-28,771.4478759765625,772.9625375674409,768.2764702109968,768.2764702109968,8691870
2022-12-29,776.8912963867188,777.9326190377025,762.5491020807658,766.8564752725806,11012896
2022-12-30,770.6668701171875,778.6426203561981,766.8091458826996,778.6426203561981,7122640
2023-01-02,770.9271240234375,776.1575425282429,766.1227799099893,770.1224709214521,4381378
2023-01-03,775.96826171875,777.6959605884185,767.85048648393,767.85048648393,8378030
2023-01-04,762.0994873046875,778.9976666530196,760.6557802287117,773.9092723546631,10351600
2023-01-05,757.2003784179688,765.8861953295342,752.3250213655542,764.4424882611195,10941436
2023-01-06,754.6917114257812,761.649771597572,747.0235849749788,758.2890762614053,9092462
2023-01-09,756.1590576171875,762.8094937244492,752.6090150931632,755.4490491123827,10729340
2023-01-10,742.3375854492188,757.3424088115413,740.7755436187888,757.3424088115413,16371766
2023-01-11,753.0349731445312,756.3956682495882,738.4087875277582,742.1718091980973,15195798
2023-01-12,757.058349609375,759.1883749446505,749.8399304176081,751.5676291901252,9250070
2023-01-13,757.6500244140625,762.0284098318215,750.7155970341335,756.7506688261795,9244546
2023-01-16,750.3843383789062,767.4245423463568,748.017643383427,764.4424835397972,14748094
2023-01-17,761.5550537109375,762.5490539569893,746.692199017474,752.5142912567735,10786354
2023-01-18,774.9979248046875,777.033247723356,757.2003331678316,759.709052840869,19090642
2023-01-19,778.2166137695312,781.0093253374716,772.9625625915704,774.8559185317824,11172162
2023-01-20,786.1923828125,790.002784845069,777.8853180956044,778.2166322807672,18843404
2023-01-23,791.9434814453125,796.4402020140254,786.4054381729433,788.701120801895,15444400
2023-01-24,802.5462036132812,805.8122539809278,792.8427549703604,792.8664450305238,24983940
2023-01-25,780.370361328125,801.3392445591735,778.7846872191718,800.6056037705797,14704142
2023-01-27,764.8211669921875,774.8559305182873,752.5853078147762,772.4892355564111,35179948
2023-01-30,764.0401611328125,769.3179025577755,748.8223006723755,754.9757076943356,18512822
2023-01-31,758.9990844726562,768.0871701361255,754.975702983403,766.6671531399184,18596244
2023-02-01,770.3828735351562,788.1093950748863,760.18239548965,768.7024970580272,17302790
2023-02-02,758.9280395507812,768.9391705012463,752.0173020214557,761.1763996984457,17497106
2023-02-03,785.1747436523438,785.9793968271139,760.6557607354243,762.5491167048964,14411100
2023-02-06,781.8377075195312,790.1921525781385,779.2106529093284,785.7427543408033,11167672
2023-02-07,782.997314453125,788.0620761871278,772.7732040823922,785.4587118076032,10264588
2023-02-08,782.9027099609375,789.6241006826871,781.0093539513584,783.0210447115362,8444826
2023-02-09,781.269775390625,786.5238271771939,774.1696897923847,785.7428062052586,11777336
2023-02-10,784.3699951171875,785.0326812308807,777.3172329126792,780.441316337142,8172116
2023-02-13,784.9617309570312,786.5710951374816,778.429687326696,783.3760568391949,5736944
2023-02-14,792.2274169921875,794.0261282040997,784.7723281580804,788.1093910341734,10908592
2023-02-15,790.6180419921875,794.26272865984,784.2042763451668,794.26272865984,11438712
2023-02-16,787.7544555664062,796.1089007357218,786.216103767944,791.9908166376073,8062500
2023-02-17,783.802001953125,789.6004042614547,777.6722277016523,786.2160191131189,8956270
2023-02-20,776.4415893554688,790.2157422072587,773.8145926677021,785.7427119293137,8086706
2023-02-21,779.3526611328125,786.8550727038969,773.4359236507838,776.2759576421577,12389296
2023-02-22,764.0637817382812,777.1989388344294,761.6261321413451,775.8026119130404,10359102
2023-02-23,758.8807373046875,766.2648140080034,753.6029959990215,763.4957924668398,27882010
2023-02-24,752.1119995117188,765.8151985685134,750.3369782178833,765.8151985685134,17061740
2023-02-27,753.981689453125,756.8690457387776,746.5976127581428,750.6683165199346,14312972
2023-02-28,757.1530151367188,759.8510819707354,751.9936087375356,753.5556504719998,18993992
2023-03-01,756.4194946289062,763.4958903390714,755.3307916978134,763.0225512874042,14137256
2023-03-02,749.9819946289062,760.1587836607059,748.8223371305629,754.5024054273814,17391814
2023-03-03,764.8684692382812,766.8091474999005,751.6623001418777,755.4490119813835,14986234
2023-03-06,770.2645263671875,776.0155486085717,765.8861409096147,766.8091287857136,27004710
2023-03-08,771.802978515625,776.03933972207,766.8092286366291,766.8092286366291,20099774
2023-03-09,771.8738403320312,779.0922596719008,770.1225092437928,771.5188361022016,20700166
2023-03-10,751.9700317382812,763.8508293638935,750.2423327911828,762.2887875145955,27387000
2023-03-13,742.4559326171875,759.1411328403547,740.751865944351,751.6150309707979,26443550
2023-03-14,740.4678955078125,749.5796717797343,738.0775680892785,743.2606073239067,33185612
2023-03-15,729.8414306640625,749.248330063132,727.3327108002192,746.9289573593102,37264754
2023-03-16,734.5747680664062,737.982785579755,725.1790009533352,728.4686837227395,21753342
2023-03-17,744.3965454101562,747.4968810064513,728.9420164278159,737.2254484326775,22950876
2023-03-20,739.2371826171875,742.2428737084866,731.4981015299404,742.1718613024195,26503114
2023-03-21,747.615234375,749.0589413869266,736.6101030086518,744.0651919987587,33050494
2023-03-22,745.8875732421875,750.7392976925187,740.9175140491653,749.768929690198,14177324
2023-03-23,739.8999633789062,752.7747627018452,737.7226152584948,742.0773114993176,28364178
2023-03-24,738.7164306640625,744.9881716394126,736.0183640289285,738.4087487959376,31477748
2023-03-27,741.9351196289062,747.6151870715003,737.8881062444385,739.4500901227714,31872006
2023-03-28,747.9702758789062,749.2483258664123,740.3495294210122,741.1068602762156,39276302
2023-03-29,751.5676879882812,758.2890786820711,748.7749763296413,749.7689766744074,39763612
2023-03-31,761.86279296875,763.4720993070749,753.7450177500838,755.2596794028502,34711228
2023-04-03,762.3361206054688,764.7737701383646,758.6440534334533,760.916103659407,40025398
2023-04-05,782.7843017578125,783.8493144132652,764.9157560941043,766.1464258287228,43365392
2023-04-06,788.7484130859375,790.0974176490104,779.6366375439686,780.3230137466818,44637344
2023-04-10,785.009033203125,790.9494607030667,782.902697787476,787.2810834915474,31813286
2023-04-11,787.3047485351562,790.1921047569881,781.5299783108553,785.26936780893,42361542
2023-04-12,797.5288696289062,799.0908536154229,789.4347845187364,789.5294292037479,26955504
2023-04-13,801.1026000976562,803.280005810938,794.3338867900884,799.1382893920855,35330086
2023-04-17,788.8904418945312,814.1430655398879,782.571377912893,814.1430655398879,32405148
2023-04-18,785.553466796875,793.9079124895011,784.0388049665387,790.4762044164357,29637226
2023-04-19,788.4407348632812,790.6181404482337,784.3937211551915,788.1094206815565,24741168
2023-04-20,791.37548828125,794.0024850715804,788.7721237726142,791.280785812552,32922716
2023-04-21,792.6535034179688,793.7658385477291,787.2811171507625,790.0028164885751,20128618
2023-04-24,799.0671997070312,800.6291836512714,792.4167640167948,798.5228483313539,35675852
2023-04-25,787.7070922851562,798.8541908386393,786.6420795569525,798.8541908386393,50353068
2023-04-26,791.3281860351562,792.8428477663938,783.3760674945562,785.7427625625156,27392750
2023-04-27,795.6828002929688,797.6944908945422,788.5117034159383,790.7127411596693,47790392
2023-04-28,798.8068237304688,800.4161877634709,790.4760695239482,797.4341291793601,27916272
2023-05-02,798.64111328125,804.2028457340903,796.1560838874278,799.3274316206246,32221184
2023-05-03,801.4339599609375,802.7829645894082,795.0438832970477,797.552545393005,29407270
2023-05-04,817.835205078125,820.9828634259408,798.5702717490079,798.5702717490079,56854638
2023-05-05,769.4834594726562,786.1922893885684,767.8030831231729,775.8025227663965,62770416
2023-05-08,778.38232421875,781.1750359781396,771.5425985281042,773.9092936156137,37244524
2023-05-09,778.4059448242188,783.8493430397727,776.2522293745058,780.9619868467801,43688938
2023-05-10,782.0033569335938,783.210394506021,773.0099158578086,778.4059920594077,46340550
2023-05-11,782.5239868164062,798.9962066051175,780.6543209380866,788.1804223550088,35734618
2023-05-12,789.434814453125,791.8015094745331,778.287657790037,779.5893400518114,22478760
2023-05-15,793.2214965820312,795.5645014526352,788.1567347587811,791.4227853213184,18512260
2023-05-16,788.6732177734375,800.4030139627808,787.0932626645074,800.4030139627808,32722086
2023-05-17,784.4360961914062,789.9658807338478,778.1642575542323,789.9658807338478,30466868
2023-05-18,787.572021484375,791.8569644245696,785.1781855528116,789.0083230433131,49646942
2023-05-19,788.481689453125,789.9658560394562,781.1326248446826,789.0083216684993,30460332
2023-05-22,785.6809692382812,791.3543491028732,781.6832161993159,787.5720763787239,28334032
2023-05-23,783.8375854492188,789.774310031499,782.0422085660649,789.487061418846,22470074
2023-05-24,773.5921020507812,782.6647175463944,772.5387790945629,779.2176169192138,33588112
2023-05-25,770.6236572265625,775.6268094273125,764.7587591498904,773.5441253964981,29776930
2023-05-26,773.5921020507812,775.1241337865805,767.1047828039214,775.1241337865805,26635066
2023-05-29,783.023681640625,785.6569009919081,777.9247997535801,779.6723115571738,21816292
2023-05-30,783.6222534179688,786.446991726549,779.6963855607993,782.1141249746089,37125928
2023-05-31,771.22216796875,782.7604463317739,768.2538345692759,780.3427069263231,43334270
2023-06-01,767.942626953125,775.5550374999791,766.0275580579801,775.5550374999791,50366938
2023-06-02,769.1395263671875,773.1133176055869,766.5063067001975,771.9881679023533,17859710
2023-06-05,768.1341552734375,773.9272270660708,767.2005241092544,772.9696926063541,18697242
2023-06-06,765.7401733398438,770.7432665620512,762.3169766094235,769.6900022341931,32182852
2023-06-07,769.7139282226562,772.035995668472,764.1123759118827,767.6791678231415,24949026
2023-06-08,770.1926879882812,778.4753830300483,767.5834304077028,767.5834304077028,37395522
2023-06-09,771.1024780273438,774.8847507794242,769.3789277124094,773.6399676877086,18212578
2023-06-12,766.4104614257812,773.5919685289341,765.764079031894,772.035975323251,13408292
2023-06-13,767.7031860351562,770.3364055694209,761.2876940266594,761.2876940266594,27926108
2023-06-14,766.8653564453125,771.772720205927,766.1232439139638,771.0306076745784,20113968
2023-06-15,757.4336547851562,768.8761438484094,755.9733914813049,767.9425712071014,35377476
2023-06-16,767.3441162109375,770.4321412189463,758.3672313699111,759.8753597118556,15779272
2023-06-19,768.0144653320312,772.8500026766968,765.2375920147995,771.2940091758765,24829146
2023-06-20,769.6182250976562,771.2939101911815,761.5510099789078,768.0143667682194,20005626
2023-06-21,783.0715942382812,783.8615717803077,771.2939332038942,773.6877691232111,24308946
2023-06-22,786.9017333984375,793.580570693625,784.7233777731387,785.1781832214814,56596140
2023-06-23,786.8538818359375,794.7056754911911,782.3295552385844,784.0052404143834,21339218
2023-06-26,783.0476684570312,790.3249060654587,779.7680665871447,787.571994837304,16130314
2023-06-27,794.083251953125,800.9296461673263,784.4840048316838,786.5905337191974,33831864
2023-06-28,802.4856567382812,804.2810337444777,794.9929383437692,799.5412267594668,59562950
2023-06-30,814.5745849609375,818.1174741870392,805.8849479608397,815.8193680827392,40699016
2023-07-03,823.3839111328125,841.4334124492976,818.691968869587,819.8888869527296,44104116
2023-07-04,827.4054565429688,836.406303333363,820.5112555769142,825.1313123295552,38795188
2023-07-05,801.1212158203125,823.4796217067899,798.8470715161803,821.6842446245804,37165754
2023-07-06,801.9349975585938,808.0871439109142,794.9450086715105,800.9774632331506,52156544
2023-07-07,794.9450073242188,801.9349961994551,792.9820736490386,797.1473245803539,19926336
2023-07-10,793.0538940429688,802.772891445225,789.8222154878739,795.2323081500037,38398442
2023-07-11,789.1998901367188,802.4138536028626,787.8114535223809,796.1898797980671,50670426
2023-07-12,781.8029174804688,797.7698512050471,779.0261026386073,792.5273150200137,70958358
2023-07-13,785.7048950195312,793.5327275967235,784.2446900236664,793.1736521716847,41913546
2023-07-14,787.3325805664062,791.6893499559882,782.7842926275915,791.6893499559882,24727214
2023-07-17,803.8023071289062,805.2864738403157,781.826879774813,789.9659226138649,49252928
2023-07-18,803.1319580078125,815.8192884919896,799.5412040971963,812.9466853634967,81076818
2023-07-19,806.7706298828125,808.5181419226229,801.9350926545632,804.8555610048314,32935134
2023-07-20,808.5181274414062,810.0741208768967,804.3289143458549,804.8795083270657,56210948
2023-07-21,802.2941284179688,809.0208308967337,801.0972104283851,804.3288890002611,42154248
2023-07-24,803.5628051757812,806.555099896524,799.5890144093324,803.6106702026618,32179444
2023-07-25,812.2764282226562,813.4254812031791,803.5628884699448,806.555183500857,55992596
2023-07-26,809.4517211914062,813.7127611681419,808.1590730655859,813.7127611681419,24794358
2023-07-27,801.0493774414062,815.3405671200665,798.3203692500316,813.8564004422645,59741302
2023-07-28,786.8538818359375,799.0145802289601,785.7048288838802,795.4716913114755,41015684
2023-07-31,790.5403442382812,793.2214872008873,784.5557544882844,789.989808735889,34565006
2023-08-01,795.8307495117188,798.3203154846697,789.9658515231379,792.0963421090329,35394188
2023-08-02,785.4176025390625,790.6840418124119,781.8986752587043,786.1357533490648,28116322
2023-08-03,779.7442016601562,790.6121935791729,777.0391553272656,785.1781976196645,57673946
2023-08-04,791.0191650390625,793.0778874299197,780.0314808905504,782.8562191326811,37388304
2023-08-07,790.5642700195312,796.2376491558498,788.7928549114002,796.2376491558498,28300918
2023-08-08,789.9180297851562,792.6469794990385,786.1597188833139,790.779775695363,43773828
2023-08-09,790.2052612304688,792.1203300247262,780.917165889668,791.4021792268796,33361236
2023-08-10,783.1912841796875,792.0006120305654,780.8692750321005,788.5535116922156,50781118
2023-08-11,775.0283203125,784.4121451817492,773.7834789124577,784.4121451817492,28225822
2023-08-14,771.24609375,773.2090275802822,766.1472113841155,771.2939587813216,31304410
2023-08-16,768.995849609375,770.6476315074848,757.0745931406195,757.9363390305685,34137542
2023-08-17,764.73486328125,770.7673182443161,763.1549081618289,764.8784583736676,52884040
2023-08-18,761.598876953125,764.2560581283789,759.085349306415,760.0668453838622,25633366
2023-08-21,761.00048828125,766.2669276465182,759.803570243689,766.2669276465182,21837270
2023-08-22,757.7448120117188,765.069973432526,756.4521639695814,764.2799958764373,32273570
2023-08-23,759.6119995117188,761.5031649471699,753.2204693186583,756.4521477981758,36498588
2023-08-24,756.1170654296875,764.2081843881693,754.6089370548672,762.8198062571005,43145792
2023-08-25,747.5950317382812,755.2553074397301,746.1108650097785,753.8429674845817,30069756
2023-08-28,755.3749389648438,757.7209098998453,747.5949720764402,747.5949720764402,28867238
2023-08-29,761.3834228515625,762.5085139666368,757.1462868148432,761.0961158066451,35538932
2023-08-30,755.8297729492188,767.9186450321,753.4359368932027,767.9186450321,28084204
2023-08-31,752.3587036132812,757.9603149977916,748.3610091258726,755.9734194012763,100075772
2023-09-01,753.9146728515625,755.9733951516992,746.5656081528945,752.1432576208482,43226776
2023-09-04,758.6305541992188,761.9340009681175,754.010439249432,761.2398119383075,25073638
2023-09-05,754.0104370117188,760.473793886353,751.9517147780502,760.473793886353,38712082
2023-09-06,763.873046875,766.0274992165465,754.010454511239,754.9201238552107,56320910
2023-09-07,771.22216796875,772.730296406896,759.8754081832036,763.8731027987624,34208342
2023-09-08,777.230712890625,781.7790014587035,769.6661674737783,770.0013395921213,34502210
2023-09-11,781.2523803710938,783.5025629490954,777.5179726424265,779.8639437312936,31573022
2023-09-12,783.694091796875,786.5666951817179,778.0207118004635,785.1782585237241,39033340
2023-09-13,787.04541015625,790.7318942113928,779.7202486339522,781.0129551372609,46420094
2023-09-14,786.566650390625,789.965885847133,782.8322428256791,787.2129744267565,23538848
2023-09-15,795.5913696289062,799.5411989049336,789.9658552054733,789.9658552054733,173411202
2023-09-18,779.9356689453125,792.3596534268783,778.5232707508934,791.7611944741388,37056288
2023-09-20,748.648193359375,765.5486976798287,747.0682967790859,765.5486976798287,115474648
2023-09-21,743.6929931640625,751.161749541656,735.8891231351594,743.5254363384076,72841442
2023-09-22,732.3462524414062,748.9834124885792,729.5215142987016,746.3980579436757,61704250
2023-09-25,732.9925537109375,737.636571986799,730.1199506265053,730.1199506265053,40208754
2023-09-26,736.1763916015625,737.3014828250133,730.1199748754191,730.1199748754191,27575308
2023-09-27,731.0056762695312,733.7107225961398,725.3322967263633,729.1624342668326,39338538
2023-09-28,729.49755859375,736.1524343562999,726.9361657647512,734.4288841265327,55354188
2023-09-29,730.7423706054688,735.1230435502242,728.8273018844358,729.4975291821899,32053782
2023-10-03,722.0048828125,731.0774976675469,721.0233866976592,731.0774976675469,38971694
2023-10-04,732.29833984375,734.9075975129915,713.0039997369529,715.7569109328484,54649430
2023-10-05,735.2667236328125,742.8312687313597,733.7585952718871,734.9316099718342,48512674
2023-10-06,734.452880859375,739.6953585670591,732.4420234594476,739.2165913446855,17759356
2023-10-09,725.9307250976562,732.513773717668,723.8959646151071,731.556239372939,16454972
2023-10-10,730.0481567382812,732.035052316478,725.4280415474352,727.989492834349,33266292
2023-10-11,737.1099853515625,738.330865115236,731.7956810054357,732.5616968533279,31333360
2023-10-12,742.017333984375,743.046695154072,733.2798325755078,735.4342849776942,22025336
2023-10-13,735.2667236328125,741.5146589381054,732.4898505097352,737.3014842223872,39745300
2023-10-16,732.322265625,734.6442747554978,727.9654959828763,733.2319349541434,17856084
2023-10-17,737.8759155273438,744.842001006296,734.9075825451804,744.842001006296,32902558
2023-10-18,727.6063842773438,737.8759163813697,726.8164067824365,737.8759163813697,31216200
2023-10-19,725.3082885742188,730.7183808812238,719.6827744216524,720.7360972438319,30252364
2023-10-20,729.066650390625,731.0774490736428,720.5445716148215,720.5445716148215,21094010
2023-10-23,721.04736328125,731.9153553189844,718.1986633818357,729.4018275247573,22376136
2023-10-25,716.47509765625,729.066698092264,714.0572999767982,728.2048937755804,28311996
2023-10-26,700.6279296875,714.3206598703572,699.1198013241884,713.9615844716288,55561798
2023-10-27,703.380859375,707.6179375015631,702.3036331507926,703.548416210113,31940532
2023-10-30,711.0171508789062,713.3391600901615,699.9097753123232,700.5560993380782,23310982
2023-10-31,706.8997802734375,720.0658784498816,705.7028622573972,720.0658784498816,32634824
2023-11-01,705.9422607421875,707.3546006535829,700.077362339955,700.077362339955,33877466
2023-11-02,707.0194091796875,713.6024576822916,702.4232560956117,710.96923828125,45225154
2023-11-03,710.3707885742188,714.0333691138175,709.3653892057476,712.4055490469672,18095340
2023-11-06,715.517578125,717.193263319672,710.0117553425058,717.193263319672,25593730
2023-11-07,712.0464477539062,715.2781260341811,707.234814492639,715.2781260341811,41952848
2023-11-08,714.1052856445312,715.0148966273784,709.0542679881736,710.466607940081,31399546
2023-11-09,711.280517578125,714.607926311971,710.2511563874616,711.4480744130556,22116740
2023-11-10,714.0812377929688,716.2356900692465,708.5993770450763,708.6232803377466,14015186
2023-11-13,712.78857421875,716.2117126727126,711.4001377601898,714.3684707875195,20605914
2023-11-15,720.2573852539062,723.3932753387419,718.4141432279705,720.1137317170233,41245460
2023-11-16,722.1484375,727.2473194666765,719.9461202422743,722.794761480394,29713838
2023-11-17,720.5924682617188,721.7415211781168,712.8843283809061,713.3630955591337,23701874
2023-11-20,720.640380859375,724.3747884733571,718.8929272981045,724.3747884733571,19331452
2023-11-21,726.7446899414062,728.6837205909814,723.9439133478928,727.247418907819,24959972
2023-11-22,724.1593017578125,727.7260937743376,719.8503972552013,727.7260937743376,29123650
2023-11-23,728.3485107421875,729.5693319457266,722.2202676591917,722.2202676591917,13046220
2023-11-24,733.5191650390625,734.0218939418301,727.6542672419772,728.3005912289228,16469192
2023-11-28,731.8674926757812,735.9848789111071,730.5030178431152,735.0033827728541,28489338
2023-11-29,746.4699096679688,748.3131517440087,733.9501353957551,734.3810375748553,34042488
2023-11-30,746.3023071289062,752.8374324125391,738.3308218551477,751.2575357769422,69491440
2023-12-01,744.6744384765625,749.6296668015766,743.0944835007002,745.8713563542594,22153536
2023-12-04,770.5278930664062,771.7726760164909,753.4119667837824,760.2822639666176,50662456
2023-12-05,777.374267578125,784.6994290053266,773.9271671672425,783.5025110233172,52230820
2023-12-06,779.3372802734375,784.4361042559843,773.9990142449448,784.4361042559843,38613060
2023-12-07,780.6058959960938,782.3055427986936,773.7834639368028,777.9966383401941,20450386
2023-12-08,791.4979248046875,792.3597291563016,780.605970823838,780.605970823838,33728038
2023-12-11,790.4447021484375,796.5250226338114,788.5296332153098,789.9898966541259,23187620
2023-12-12,782.5928344726562,792.9581557902037,781.2762247045517,791.9766596766761,36581476
2023-12-13,780.8214111328125,783.2631120796166,773.2568662574292,781.563465201162,29346914
2023-12-14,790.0376586914062,794.2507747290626,787.5719960728002,788.0507632436652,35172366
2023-12-15,793.1018676757812,798.5837290089988,788.3380987347389,789.9659189837218,138837130
2023-12-18,792.6948852539062,797.0037903560872,790.4207408944219,795.0887214217845,18014754
2023-12-19,791.3543090820312,794.1072204559873,787.1172310907685,789.9658725265142,24008446
2023-12-20,793.3173217773438,799.0385669547982,787.3087694994301,793.79608902042,34232520
2023-12-21,807.5365600585938,808.9968233004131,790.0855201370065,793.31719852569,36589240
2023-12-22,799.9481201171875,807.1535894553359,798.1527432166448,806.052401579033,48578850
2023-12-26,805.5018310546875,807.1775162105685,798.8470139045111,801.0971963079616,18045856
2023-12-27,815.4842529296875,817.016284700956,803.6586671856655,805.0471038527147,27009078
2023-12-28,816.417724609375,824.1498261689791,814.8617312916912,818.3567550440999,44076470
2023-12-29,818.3328247070312,821.0378710363707,811.9891593992248,812.4679265922668,25011426
2024-01-01,812.9945678710938,818.2849687904367,810.0740996496615,816.7768404269046,14239686
2024-01-02,813.4733276367188,815.2448013204753,808.4941371304667,813.3297325444754,29242092
2024-01-03,800.9296264648438,816.1543877106121,799.038461039413,814.8617397029581,28389762
2024-01-04,809.5234985351562,811.4864323425077,799.8763278844378,803.3713517790169,26734056
2024-01-05,805.3821411132812,816.2501913581319,798.6315354441177,807.7520737623003,31889470
2024-01-08,796.4052734375,805.4539851831421,794.7535499790049,803.6107431564817,17998470
2024-01-09,790.2052612304688,803.2756291285802,788.4098842358525,798.1767467752176,25326888
2024-01-10,792.8145141601562,794.7295829425168,785.8484865302768,786.6145023545687,16115824
2024-01-11,789.4871215820312,796.1419974247106,786.6145183500772,794.7535608406137,18314010
2024-01-12,785.752685546875,792.8384633063858,782.1140666068262,790.9233945544381,19773552
2024-01-15,800.8817749023438,804.7597774337735,786.9017379565865,788.8646717373587,28320356
2024-01-16,803.9219360351562,806.0763883828079,793.8438633427261,800.9775061380469,25322500
2024-01-17,736.1045532226562,764.4954709128732,731.7477834906084,751.6644868680132,170145236
2024-01-18,711.5198364257812,725.332257495375,708.5993683977847,715.2781469954391,161070930
2024-01-19,704.0989379882812,723.058105901483,703.0217118745396,720.9993837290294,109600538
2024-01-23,683.3683471679688,706.0379622645205,682.243255943311,701.3939438294391,115469402
2024-01-24,697.0371704101562,698.2579916906107,660.8184204446432,660.8184204446432,86004404
2024-01-25,686.9830932617188,697.7313939357863,679.5622013776972,695.4093846155678,98941852
2024-01-29,696.4386596679688,700.3406237032543,692.2015819986186,693.2788081065851,65645498
2024-01-30,691.4835205078125,700.53217422801,689.8557002681358,696.3908845219285,41728768
2024-01-31,700.220947265625,706.1576134139724,687.8926926486038,689.1853406292018,65761040
2024-02-01,702.040283203125,705.5113454583611,697.1090160306093,701.4179208991782,32690740
2024-02-02,692.3692016601562,708.9824002114282,690.4062678183428,706.1816237651476,44867754
2024-02-05,691.7467651367188,695.1220972150085,686.5761145330804,692.2973590957444,38605046
2024-02-06,691.3876953125,694.0687799185687,685.8818725644124,692.0819428119112,41075740
2024-02-07,684.6131591796875,696.0318040698868,683.0332624281431,695.6487669186412,54837086
2024-02-08,671.7343139648438,688.9220089386799,670.5134342809237,684.5652392978377,69106124
2024-02-09,671.9976196289062,677.0725401801844,664.0500959229506,666.515758652701,56642124
2024-02-12,665.486328125,676.8091827346267,662.3025149384849,670.106442739123,34447812
2024-02-13,667.616943359375,672.3567506453555,662.7814060042901,666.4200252792418,57580994
2024-02-14,662.6378173828125,666.2046099191948,652.8230890297091,658.7837177497752,91320810
2024-02-15,677.0007934570312,677.6949825309235,662.7813723217212,663.0925826953933,41584944
2024-02-16,679.801513671875,683.5358625170894,674.3195945311911,681.7165823442695,32175742
2024-02-19,678.4609985351562,684.1583399970523,677.5513291516161,684.1583399970523,34451756
2024-02-20,696.2711181640625,697.6834579371554,675.9235134549672,677.4555450204665,56133508
2024-02-21,689.017822265625,700.9151754054046,687.0309267122648,700.9151754054046,45893136
2024-02-22,679.6339721679688,684.0625685726841,676.1149866485335,678.7721678686664,50560882
2024-02-23,680.1366577148438,686.5042847124961,678.8918747107963,681.0702888003248,29833452
2024-02-26,680.9506225585938,686.9591159463556,676.7614094932516,676.7614094932516,23506870
2024-02-27,679.9212646484375,683.0571548064959,676.5220291476985,676.7614127525852,32087150
2024-02-28,674.7744750976562,681.8601942948292,672.1891206373224,679.9212222820232,25321986
2024-02-29,671.9019165039062,675.2532869853846,668.9814482015562,671.2794957514693,53295700
2024-03-01,684.9961547851562,685.9536891619308,670.2740637422462,670.2740637422462,34738898
2024-03-04,685.9296875,687.9884096675396,681.9080901062357,685.0918449690896,35616474
2024-03-05,689.8316040039062,690.8609650167328,680.6392985327519,680.8068553387346,37991672
2024-03-06,690.6694946289062,695.5768580281541,686.3366868886952,686.3366868886952,42409530
2024-03-07,692.34521484375,694.7151474764962,690.0950324505662,692.0579662212759,49348046
2024-03-11,683.5838012695312,692.2733788101641,681.2856954339823,684.6370656855901,50531094
2024-03-12,698.78466796875,700.9151585638567,684.2779988916614,686.5521430195154,65418454
2024-03-13,699.1915893554688,704.5537583020961,694.2602641088363,701.6332902428926,63067454
2024-03-14,696.8217163085938,701.8727337796063,691.4835086418929,700.0055299615263,52432158
2024-03-15,695.4811401367188,698.6649535010525,690.5019498876019,694.2123954494871,143613804
2024-03-18,692.3212890625,697.0849990233024,687.4139255734966,692.7760944963727,21437856
2024-03-19,693.9012451171875,695.361508487081,687.2703309378574,687.2703309378574,36183594
2024-03-20,685.1398315429688,695.002424269405,682.0757097447741,693.757641226056,43606094
2024-03-21,692.177734375,694.8109541841388,688.6109418290184,690.6696058865672,28922860
2024-03-22,690.7891845703125,694.5714568199686,688.3474837448974,689.9034770136652,45980326
2024-03-26,682.4347534179688,688.4432464905726,680.8787600753138,683.2964992802526,56844290
2024-03-27,689.7598876953125,693.2309499256703,680.4478889511747,681.5490768981103,62168668
2024-03-28,693.20703125,699.2394862002545,689.7598723903825,689.7598723903825,55592142
2024-04-01,704.027099609375,705.6070545940972,696.8934573296461,698.04251018733,25199570
2024-04-02,708.6472778320312,715.685132245699,700.5561005197442,701.4657698820595,41225446
2024-04-03,709.6766357421875,716.0681660997278,704.4580616337976,704.793175292623,45584386
2024-04-04,731.3648071289062,732.5138601668406,720.065912216293,720.065912216293,88935066
2024-04-05,741.8737182617188,744.2435924609226,732.5856231419043,736.8227010597361,59055902
2024-04-08,740.4613037109375,745.5601858308615,738.0435645348342,744.4589979472738,20482940
2024-04-09,741.3949584960938,744.4111567395224,737.4451291623751,744.4111567395224,21884494
2024-04-10,735.5540161132812,742.041335404094,733.9261958559255,742.041335404094,27807400
2024-04-12,727.2234497070312,732.4420241242923,724.5902299815868,728.2049458910936,41084208
2024-04-15,715.6132202148438,722.9383808283533,714.3445340494504,716.9777533173683,23415248
2024-04-16,722.5794067382812,724.3269187314523,709.6526921569106,711.9268363888184,20744886
2024-04-18,715.6132202148438,727.1754583253521,713.8657669098291,722.8426507777308,34234884
2024-04-19,733.13623046875,734.8836839791993,708.6951417404246,711.7113984519393,34576434
2024-04-22,723.99169921875,745.6320106114753,722.12455398941,745.6320106114753,42298438
2024-04-23,721.7893676757812,730.8380788006147,719.7067421926132,730.7423487447305,26827060
2024-04-24,723.7523193359375,728.5639528503503,722.4836330693169,725.332274400053,22441580
2024-04-25,723.297607421875,727.5825508401506,721.1431548430907,721.1431548430907,35445204
2024-04-26,722.8427734375,731.5563134799157,720.8080127488288,727.6304456461381,24854694
2024-04-29,732.2744140625,734.6442882658492,721.2867304749565,725.3322898363435,36093350
2024-04-30,727.7739868164062,737.0620819015442,725.2844208297038,732.1307565147657,52307382
2024-05-02,733.5910034179688,735.8651474977438,727.893662350512,728.6836398774014,33475006
2024-05-03,727.53466796875,737.5887797565925,721.59794265299,734.0698523195007,31865242
2024-05-06,728.994873046875,734.6682525558684,726.361653503664,728.6836626849343,28793396
2024-05-07,721.0952758789062,729.6652209931847,720.1377414179425,728.6597630545604,28480602
2024-05-08,709.8441772460938,716.6905129132654,708.7429893452799,716.2117457291306,41687862
2024-05-09,693.0155639648438,711.8071777027506,691.9622994383691,706.1577010233476,46281278
2024-05-10,697.8200073242188,704.6385064038308,692.4331341667237,698.3538309269745,27276608
2024-05-13,706.2400512695312,708.4482125597933,694.1317160729689,694.956710818051,27047202
2024-05-14,709.0062866210938,711.2144479759614,703.8378359787137,704.7841569928967,25665142
2024-05-15,698.1112060546875,708.39964782104,696.8009063196256,708.39964782104,38931996
2024-05-16,708.6665649414062,709.782790041372,696.655267230535,701.7752582341244,34945236
2024-05-17,710.5350341796875,712.4277355160416,701.8480628860959,701.8480628860959,20920190
2024-05-21,707.962890625,713.2526672307866,703.7407019802051,703.7407019802051,43769978
2024-05-22,708.156982421875,711.2629460513618,702.7943980944078,707.5018325662894,39996278
2024-05-23,724.3662109375,725.8464148427264,707.1136542137513,707.8901303438163,40861920
2024-05-24,736.3047485351562,737.6151076266391,721.1632556922566,721.891213218191,31060206
2024-05-27,741.4004516601562,749.7962521608212,737.2026106511589,739.2893866819511,29385440
2024-05-28,742.7592163085938,745.4526824425712,739.9930018261246,742.5650824828549,27908904
2024-05-29,731.9855346679688,739.5319916615282,728.5641108173895,736.6929693394153,35147706
2024-05-30,735.1642456054688,739.4106642295702,726.8170235494816,727.569210732381,33755350
2024-05-31,743.268798828125,745.4283820979595,734.7516735002022,737.1781981815107,74079588
2024-06-03,762.9964599609375,776.0026570209221,752.2227131847588,776.0026570209221,72637256
2024-06-04,719.7800903320312,756.5904610836327,705.6334383679294,755.6198511271432,89531240
2024-06-05,753.0962524414062,756.8815955434779,719.3917877908412,725.06989130594,81631650
2024-06-06,756.9301147460938,759.7206182378197,750.5726316827747,759.4537360573207,46422870
2024-06-07,763.5545043945312,768.8928586568827,753.2175448676818,757.5852892641512,36712216
2024-06-10,757.7067260742188,767.0973660487972,755.9110620154896,763.8700759254958,22454058
2024-06-11,759.4052734375,762.4141406844706,753.2903831592504,755.1345658211561,29545326
2024-06-12,763.9428100585938,770.8098870497467,760.1816966411113,764.3553074238586,39280436
2024-06-13,767.1458740234375,769.5481100621035,763.8700652936205,767.6311790204475,24120192
2024-06-14,774.9835205078125,776.0026490992642,765.6656295141681,768.7230745298527,25540554
2024-06-18,780.2733154296875,781.5836150866086,771.3679222826127,774.9834796730435,32415714
2024-06-19,804.5628662109375,810.4108150397882,778.4292043351105,782.9910830915752,90131196
2024-06-20,810.143798828125,816.0159768197282,801.7237698729426,810.3622215983705,41408742
2024-06-21,808.3967895507812,811.8424431419929,797.4289085916951,811.8424431419929,51630776
2024-06-24,811.6240234375,812.9343231272944,798.6906344612428,799.2972656586157,28544994
2024-06-25,830.5266723632812,833.2443684249017,810.9931467609703,810.9931467609703,74521548
2024-06-26,825.7463989257812,830.3082774504516,820.699215435536,828.8765922572081,47596666
2024-06-27,823.1500244140625,831.3274011881083,818.5153383232833,823.1257354693937,55074650
2024-06-28,817.1565551757812,828.2214732583296,814.8270675577021,823.8537284054296,26476046
2024-07-01,827.5419921875,828.5611799942127,815.3123309202279,815.3123309202279,21187024
2024-07-02,839.8687744140625,841.9556094944659,826.353042764463,832.2980286836319,45921690
2024-07-03,858.3346557617188,870.6371250279785,856.3934358619908,869.1812101031826,123217802
2024-07-04,838.1945190429688,854.0154497500956,837.0782938778042,854.0154497500956,45848658
2024-07-05,799.8311157226562,817.7388811097651,796.9678045280713,817.7388811097651,82242548
2024-07-08,793.6434936523438,803.1554594894733,789.6640164804963,798.4723137874327,39087800
2024-07-09,794.2015380859375,799.1516248009418,786.363851419409,788.6205312494033,48550878
2024-07-10,789.1543579101562,795.9001084827571,786.5579883069686,791.0227700970487,45507182
2024-07-11,787.1162109375,789.0331420386741,776.9733243368038,788.111050667459,44177074
2024-07-12,787.5043334960938,795.1236568993513,781.8990967628511,787.1646437212287,56049960
2024-07-15,787.2131958007812,790.9500796896383,783.8645795922547,787.8926346206944,33375694
2024-07-16,786.0726928710938,789.5911537590798,784.6410669649267,786.5579978211608,28950324
2024-07-18,783.6705322265625,788.1110255525017,776.0754971813087,780.3704345530638,33717064
2024-07-19,780.0307006835938,787.649965003423,778.1865181041212,784.2528302190582,26002152
2024-07-22,797.1376953125,801.2384985771903,782.6270649860646,784.7381297391379,53744822
2024-07-23,785.4176025390625,799.6855810002239,778.9145038672318,799.5642547535156,52002152
2024-07-24,778.4534912109375,786.6793870769927,770.6886113878456,780.4432298173384,61728206
2024-07-25,784.5440063476562,788.6205799631161,773.0908208499962,773.0908208499962,25535732
2024-07-26,785.2962646484375,787.0433507268658,774.7651110455088,778.9144923179402,43810540
2024-07-29,778.9387817382812,791.9449196556922,775.6629731237323,783.7675425920842,51001148
2024-07-30,784.0345458984375,793.3523785519244,776.0027241501925,777.4586392048833,54595834
2024-07-31,784.1315307617188,790.0279981871195,780.9527594083772,783.2822470366172,37820484
2024-08-01,795.3178100585938,800.7774909815698,785.1991540216145,787.6014491725216,26215174
2024-08-02,805.1937866210938,810.7019864135299,791.5324392939043,791.5324392939043,44119238
2024-08-05,784.1315307617188,798.8120065813332,776.9732822215763,795.9486953170099,41333634
2024-08-06,777.0703125,792.4787456590307,773.2364505401089,791.0471196604719,45116050
2024-08-07,787.8926391601562,791.0471215466921,777.5556193354371,784.7381567736204,42346264
2024-08-08,797.21044921875,802.3547292854007,785.8300713873926,788.1352699911228,33976950
2024-08-09,800.8502807617188,806.8438448558267,798.7149861722273,801.7238534511162,26644618
2024-08-12,805.6547241210938,813.3467956202861,799.4670860971137,801.7237659305952,39316196
2024-08-13,778.0409545898438,792.2118961762867,777.0461148817201,790.0765423217451,54055042
2024-08-14,780.2733154296875,783.1365672163911,778.0408652863015,779.6423953037173,32334428
2024-08-16,792.0662231445312,793.061122021343,781.8263002104013,790.3191371152319,27849246
2024-08-19,791.79931640625,794.7596647587319,787.9896251482922,794.7596647587319,19502164
2024-08-20,794.783935546875,798.8119905444514,789.8095595425733,789.8095595425733,31134494
2024-08-21,789.0088500976562,793.2552686183906,785.1264103072706,790.1250159925943,47630904
2024-08-22,791.6780395507812,795.0751744192786,790.0765094162431,792.0177293410987,21300638
2024-08-23,788.6448364257812,792.988292052303,787.6499375770427,792.988292052303,20333422
2024-08-26,795.8759155273438,799.7583555491682,792.1148017562012,792.1148017562012,22364266
2024-08-27,794.8082275390625,799.4914324239653,792.1147612152419,797.550212512406,35773244
2024-08-28,794.4927978515625,795.7788679404401,791.1441815277424,794.808257947526,26921188
2024-08-29,795.1964721679688,798.035494358065,791.6052035874162,796.8707505966252,49052604
2024-08-30,794.395751953125,806.5768953841255,786.7521983416328,803.6650654368904,445342100
2024-09-02,789.5668334960938,799.2001837658697,787.7469400055302,799.2001837658697,34049680
2024-09-03,794.6140747070312,795.8758557711201,788.4264363868309,792.9883149182248,37282860
2024-09-04,796.7737426757812,798.2296576209254,792.0177301584446,795.4148650304477,24682744
2024-09-05,798.5450439453125,800.7046866194709,796.8707654853739,798.8119853769339,22876318
2024-09-06,794.419921875,799.6612390821284,793.0368146024134,795.0751309568867,26029602
2024-09-09,799.0546264648438,800.0252363967779,791.0956131747174,794.9295342541234,23792914
2024-09-10,800.923095703125,802.694470803164,794.9295907953946,802.694470803164,26606646
2024-09-11,797.7928466796875,801.9664575454252,795.5118777911906,800.9473289635273,22226684
2024-09-12,808.8092651367188,810.4593139115112,799.32158835399,802.6944342572692,32424046
2024-09-13,808.4938354492188,812.4005643686717,804.1746683722245,812.4005643686717,23860532
2024-09-16,810.9202880859375,814.2446744093743,807.5717313009576,809.0033572167779,15172820
2024-09-17,809.876953125,814.3417351276187,807.6202731787942,814.3417351276187,20127122
2024-09-18,822.4949340820312,824.4846727250206,810.9931700877765,811.3571488361771,40917342
2024-09-19,829.1435546875,834.2392569551141,824.6059649927001,824.6301946967953,30651776
2024-09-20,845.0130004882812,846.8328941482245,828.6825354394553,833.0259912779876,60623386
2024-09-23,854.0396728515625,857.2183847223622,844.551937403139,848.7983557064159,26965350
2024-09-24,858.04345703125,864.6435926298055,851.3462248960326,856.5632532087773,33039036
2024-09-25,863.4060668945312,867.7252930088929,854.2095613390953,854.2095613390953,31965312
2024-09-26,865.51708984375,867.7252510639614,858.0434410028155,860.4699657541129,31899644
2024-09-27,850.56982421875,862.9693314840181,849.2837541142532,862.3869891777302,35613502
2024-09-30,840.572509765625,849.987378933711,836.8599148404105,848.7013681367213,26383534
2024-10-01,837.7333984375,845.4012405036974,834.7730500291224,836.6657512217993,24572284
2024-10-03,816.282958984375,837.7091852435565,812.0850591484665,832.613483062025,48473398
2024-10-04,804.4658203125,820.4808848190723,802.2091402837622,812.6431974622866,48683232
2024-10-07,785.1264038085938,805.1209448670484,782.7969162571121,801.8208473760044,94458296
2024-10-08,801.2627563476562,804.0532597925816,787.1646239424159,791.0470635179641,29734406
2024-10-09,792.5758666992188,804.0290527657074,790.4162239204929,800.510591541895,41125642
2024-10-10,806.7709350585938,808.2510795642027,792.2603056670246,795.4147877416559,21754766
2024-10-11,801.2385864257812,807.7659152352597,797.4774725282647,807.7659152352597,23672594
2024-10-14,819.2433471679688,821.1603374358971,802.6944587482099,803.689357680797,18527508
2024-10-15,817.3021240234375,824.0478752509669,813.1285129464045,822.1066552857113,19651130
2024-10-16,824.9214477539062,828.8766360391955,815.3609038822862,815.3609038822862,20470682
2024-10-17,811.988037109375,823.8780090897097,808.1298269832027,822.5676501021808,14695732
2024-10-18,816.210205078125,820.6507576909523,802.7429912839654,807.1107362982874,24809724
2024-10-21,838.9466552734375,848.3858722296796,830.3810701774502,832.2980010606213,46548354
2024-10-22,832.0796508789062,844.4306385333365,830.2111793718472,839.6018778313584,38875280
2024-10-23,842.3924560546875,847.5851959404977,827.4693270680456,827.4693270680456,38036090
2024-10-24,849.1138305664062,858.3346247570413,843.5085346118838,843.5085346118838,30832258
2024-10-25,846.0806884765625,853.0933215296461,838.9466699408074,851.7102142266036,26130478
2024-10-28,841.6158447265625,849.7689918168825,839.043763962605,845.4012471416386,22012142
2024-10-29,850.1815185546875,856.0779859182065,837.1996103215174,837.7092042477628,35794926
2024-10-30,841.8099975585938,851.5889046504595,836.7628139716957,845.4012662208864,32715724
2024-10-31,842.3438110351562,843.8968224808245,834.4333755848933,838.6069864702176,22895912
2024-11-01,843.120361328125,846.4203996311912,837.6849100339031,841.0335262277963,1759692
2024-11-04,831.8612060546875,846.8571409139798,830.3082539054162,846.8571409139798,28089248
2024-11-05,853.0933227539062,855.447039991069,823.999313734677,826.4743572133567,44232406
2024-11-06,851.8316040039062,859.7178102794018,847.0270726401069,859.7178102794018,27787910
2024-11-07,847.6094360351562,854.5977803501312,843.4600547619757,846.5174998307751,18895456
2024-11-08,851.4432983398438,855.0103373353861,847.2696873607207,850.2543248355499,19902986
2024-11-11,857.1942138671875,865.2017460745226,849.8660612419557,851.4918803256005,24565362
2024-11-12,833.8509521484375,861.4162973605047,829.2163253609564,859.9603824917264,31395406
2024-11-13,815.9674682617188,839.2863948751228,811.9151837654287,833.1472753910937,35728500
2024-11-14,821.5,827.3721783747438,811.4784403744485,811.9637453515568,27146470
2024-11-18,827.4934692382812,834.190701332557,822.5919010273279,825.0184258091194,27081968
2024-11-19,845.5225830078125,851.1035901563789,826.3287477699067,831.8127176211167,50981272
2024-11-21,845.0130004882812,853.6514527573436,841.6158656563873,848.9925368361551,35716512
2024-11-22,847.1483764648438,851.370565411524,839.3592669406547,846.1535367827626,24773612
2024-11-25,866.560546875,875.2718066744363,856.5147576427843,866.293664684976,427737274
2024-11-26,866.5363159179688,878.4019987795361,858.8927626136716,878.4019987795361,30935566
2024-11-27,879.5181884765625,881.9689429401197,866.3421471774458,868.6473457001546,32714976
2024-11-28,870.224609375,891.0684339141281,867.725276958314,882.7697308653094,35722392
2024-11-29,871.6320190429688,875.7813410106078,865.2502468100779,874.1798701470966,27669536
2024-12-02,875.8298950195312,877.5042327860683,861.4163604593637,875.2475527258944,15110876
2024-12-03,886.3124389648438,891.6993119709169,881.3622930133588,884.5652937811867,43410242
2024-12-04,902.7157592773438,905.0937654692016,888.6662041479593,891.9905313310416,44669084
2024-12-05,905.457763671875,912.349070670313,890.6316728815866,902.6672600453907,39682714
2024-12-06,900.6531982421875,904.7054828102569,894.9023463139778,901.2113107944992,17783156
2024-12-09,907.520263671875,912.3733132102273,897.3288596413352,899.5855395249345,26947912
2024-12-10,906.5982055664062,911.2571214453396,901.9635786325839,911.2571214453396,13325480
2024-12-11,904.1716918945312,908.4423993938311,901.0900171351183,903.492253077643,14045426
2024-12-12,902.3032836914062,906.8651623497835,897.183292457994,898.299517608064,17293790
2024-12-13,908.3695678710938,909.9468090067054,887.7441068669418,903.8804969466607,19009002
2024-12-16,905.1907958984375,907.4959944793276,900.3620351992098,905.1422772502634,13107082
2024-12-17,889.6853637695312,903.8077269850552,886.4095551207139,900.8958970749953,21079532
2024-12-18,878.74169921875,891.0199388482123,877.0189020931173,888.0353013877913,23422312
2024-12-19,870.3944702148438,874.0827761662058,863.3575480971324,873.3548187057529,25380770
2024-12-20,859.7177734375,872.3599918831414,857.5581899695972,864.9105130352275,25692348
2024-12-23,874.0342407226562,876.4607655442072,864.4737566222769,864.8134464007626,11044592
2024-12-24,872.6268920898438,877.7711131439431,868.4775699633949,874.5438823482602,14485834
2024-12-26,869.0598754882812,879.3726061062491,864.2068257857081,872.8452779528201,10481678
2024-12-27,872.69970703125,876.4365317952429,868.2591544798911,871.0254284954694,7259330
2024-12-30,862.82373046875,880.8285332674382,859.4751142791366,869.7635560951499,22222218
2024-12-31,860.3729248046875,864.7164399349241,856.8544636879918,859.1354326463724,14117236
2025-01-01,865.1773681640625,870.637048653108,854.6705045302124,860.6640085965884,7313806
2025-01-02,870.5158081054688,875.2232427161829,860.4457297678027,862.4354683380634,18558576
2025-01-03,848.8953857421875,871.2437021466147,847.4880487953375,869.1811561312279,24426194
2025-01-06,830.1141967773438,852.777916424571,827.8332869896011,844.4792128300473,18816348
2025-01-07,831.521484375,835.2097900189746,825.018386421997,832.2979604198381,13527906
2025-01-08,822.2522583007812,830.6722879270967,816.9381331798057,829.022239132803,19738190
2025-01-09,809.3916625976562,819.6801043914131,804.6841687860751,817.3263871062876,40420222
2025-01-10,804.0289916992188,812.8372885629307,802.6944030605147,810.9445873725031,17453280
2025-01-13,791.4596557617188,799.1760171914914,788.2809435229427,795.9002084068898,21669066
2025-01-14,799.1031494140625,803.7620652641559,794.4442335639691,795.8516298211142,26661432
2025-01-15,797.3803100585938,806.9165047926833,794.1045016943054,803.9076378434971,14022892
2025-01-16,801.7481079101562,805.873200199019,797.2832665938832,802.1363163454865,21212454
2025-01-17,794.3229370117188,800.9958805790999,790.31917087129,797.5987456720695,23112076
2025-01-20,801.3598022460938,806.0672365854673,789.1058522041777,789.1058522041777,17557618
2025-01-21,797.0648803710938,806.115829748555,792.5272908307279,804.756952160241,31158144
2025-01-22,808.5423583984375,811.3813805875693,788.8389294808721,797.0648841596673,30619306
2025-01-23,807.9843139648438,818.70954271768,801.3598888041311,818.70954271768,34909158
2025-01-24,800.6561889648438,810.6049411699597,798.0840488445496,805.6062761215885,24236200
2025-01-27,790.9500732421875,797.6472463633178,789.1058906376462,796.433983923838,22804166
2025-01-28,810.6533813476562,817.3991318429769,799.2972339352833,799.2972339352833,30179312
2025-01-29,814.0020141601562,815.8704263644069,809.9011517987993,812.8857890816031,12619890
2025-01-30,820.8933715820312,823.9993352943973,811.696865930955,815.7976693049923,25744846
2025-01-31,824.4118041992188,827.2993450265934,817.2292670650723,818.830797136207,15821686
2025-02-01,820.6264038085938,831.3274019434516,813.3954072501344,823.8051750140157,5587528
2025-02-03,814.3417358398438,818.6124432523412,807.2805248629369,810.4592960980566,20276540
2025-02-04,835.161376953125,837.5393832746403,815.3366797744094,819.5345205841194,28616502
2025-02-05,843.363037109375,846.4689416589049,834.1907609306318,841.0335494558958,23675506
2025-02-06,846.299072265625,848.7984047453597,836.6657803207547,842.2467875560731,26760716
2025-02-07,840.9121704101562,857.5338653093327,837.1510569658171,849.2836809798144,23509600
2025-02-10,832.6619873046875,836.3988118099606,829.1435263354559,833.4142336911924,17195950
2025-02-11,825.6979370117188,830.3568531530897,819.5345279806279,826.4744131617251,22724704
2025-02-12,828.3185424804688,830.8421046157138,815.8946879155817,821.6213102303759,22809570
2025-02-13,823.9022216796875,831.9340426083429,821.8882534526111,824.5331418355402,12602434
2025-02-14,822.5191040039062,825.9405276867242,815.3123371576534,825.9405276867242,19959892
2025-02-17,833.4384765625,834.7245465784594,815.918979031997,817.8359099627821,12938946
2025-02-18,836.2047119140625,840.329803960056,828.003046468469,831.3516624481879,16350910
2025-02-19,838.21875,843.4115489066289,831.0605014404679,833.268662828246,11884112
2025-02-20,818.7579956054688,832.152400807599,817.8844822121968,830.3567961314325,26390510
2025-02-21,821.378662109375,822.5676355898997,813.9777613134116,815.7491363030065,15680940
2025-02-24,813.9049682617188,817.3506217636291,806.1400885993494,815.8461881773111,20693646
2025-02-25,816.4528198242188,819.1948048046805,810.9931388087847,810.9931388087847,24138708
2025-02-27,825.358154296875,830.235493033587,816.5499163188684,816.5499163188684,35786800
2025-02-28,840.7423706054688,843.0960879421323,817.738902393146,817.738902393146,54516728
2025-03-03,825.770751953125,845.9109095874281,822.1551941342151,844.3336683269105,21205364
2025-03-04,829.8715209960938,831.9583561196923,821.7426625301964,824.04786119963,19920958
2025-03-05,820.1654052734375,830.2597724194886,819.316121569752,825.9647760106438,21583872
2025-03-06,820.7477416992188,824.9699304836942,811.5512362127743,818.7094845214233,32966088
2025-03-07,819.8013916015625,825.5765323887408,814.1475770525966,816.2829306934012,13372914
2025-03-10,818.9521484375,824.969941998729,816.7925649870414,819.6801059027778,15604050
2025-03-11,817.9815673828125,822.1066598317914,810.4836289220838,816.4771337496867,19898430
2025-03-12,830.4296264648438,833.9966062113717,820.9176607269924,820.9176607269924,18784106
2025-03-13,828.221435546875,835.1128015457978,825.0427235934661,832.8076029783965,15736264
2025-03-17,830.065673828125,836.6658099001849,827.4450150114936,827.4450150114936,18950652
2025-03-18,830.065673828125,830.065673828125,830.065673828125,830.065673828125,0
2025-03-19,846.42041015625,849.7690263917825,840.6452690024086,842.004146653194,15221406
2025-03-20,858.3831176757812,860.930968625773,848.9439602337709,851.2248697686616,17833978
2025-03-21,859.15966796875,860.9795616616999,851.9771897387066,851.9771897387066,33508264
2025-03-24,873.5489501953125,875.6843039218336,860.7611760226637,863.3575457763671,17393736
2025-03-25,883.958740234375,894.7567761384419,874.2769294910811,875.9269782864857,39101416
2025-03-26,876.7277221679688,886.8948376499686,874.5195608455505,885.681575218163,24478442
2025-03-27,885.8514404296875,893.4464752752693,872.6268796196651,873.548970937254,41658100
2025-03-28,887.2344970703125,891.0198994245295,876.3879431494396,887.6227647317345,28773648
2025-04-01,857.9464111328125,878.3535095734435,856.7331486628899,874.5195883202217,28511006
2025-04-02,872.0444946289062,873.16066049231,859.3294691298255,859.3294691298255,11573564
2025-04-03,871.0496215820312,875.490173946712,862.3869396359797,864.3766781830471,11250038
2025-04-04,881.94482421875,893.9075454015215,878.9358975919937,879.857988965376,33540454
2025-04-07,853.0205078125,863.7700245665659,843.5570610557007,855.4956105111871,37995450
2025-04-08,858.5773315429688,864.8134887917699,849.4293443655757,856.5633039940931,35563872
2025-04-09,856.5632934570312,861.4163432783175,850.982286162552,856.5632934570312,22454608
2025-04-11,876.8247680664062,882.9638878798253,861.2950087869681,861.2950087869681,32775766
2025-04-15,905.0452880859375,910.8204293176711,900.2407568346184,905.0938067366918,49298344
2025-04-16,911.4027709960938,914.2175636339349,902.9099336731801,914.2175636339349,19136820
2025-04-17,925.3309936523438,931.6399584740437,910.7718440638052,913.3439841876462,35703084
2025-04-21,935.231201171875,946.6843866809207,926.9324979858176,933.7267676045618,34247298
2025-04-22,952.0227661132812,956.3419923313835,939.0651467003056,939.0651467003056,45961750
2025-04-23,933.67822265625,960.3699954066212,932.0281739470523,960.3699954066212,30570642
2025-04-24,930.2326049804688,933.6782584739785,924.5545011964061,926.9325074354753,25931754
2025-04-25,927.5148315429688,938.094503546439,918.099962552793,934.1150265036636,18500878
2025-04-28,931.882568359375,936.4929655182809,926.156005327847,927.5148236825167,13920492
2025-04-29,926.3501586914062,936.0562581779409,922.1764885191324,931.2032084346736,18918308
2025-04-30,934.2120361328125,939.9871769317172,927.0780770079656,928.3883766867898,31936870
2025-05-02,932.7077026367188,942.4138027541906,931.7856112772921,936.5416240313868,17840404
2025-05-05,939.9386596679688,947.3152712805899,937.754787372496,941.0063068714467,15068024
2025-05-06,937.4635620117188,941.5401354999643,933.8723527219415,936.638567281111,17490156
2025-05-07,944.2093505859375,945.7137841650697,932.9502988258117,938.5798247058746,21420778
2025-05-08,935.91064453125,948.6741890736062,931.348765916796,948.6741890736062,34803430
2025-05-09,917.0807495117188,931.3002083857921,915.6734125356725,926.9809824392288,17188796
2025-05-12,949.8389282226562,951.1492872756219,928.0487809799312,930.62086195116,18618972
2025-05-13,933.0473022460938,952.0227142931207,931.7855212010662,946.3446699698328,24242102
2025-05-14,927.2236938476562,936.7356597192896,923.5353878045329,932.8047011833116,15445308
2025-05-15,938.4827880859375,943.8211428321799,920.6235412383402,928.6310733577037,32241458
2025-05-16,938.9195556640625,943.3358785376587,935.8621697223413,938.4828285590543,15868010
2025-05-19,940.8607177734375,943.9181627683963,937.1238932163359,940.0357230243618,10202964
2025-05-20,929.3104858398438,938.8709699179398,928.3883945615378,935.7164876572758,23879090
2025-05-21,935.0856323242188,944.8402502940019,932.3193584728106,935.1826696209016,15132040
2025-05-22,931.737060546875,933.8238364554871,924.603041661345,929.4560915529987,21306670
2025-05-23,938.3856811523438,940.0357299039,929.1163680438908,931.8340640363383,9566072
2025-05-26,941.588623046875,946.2961165204464,935.1341028748952,939.0650610496285,10802860
2025-05-27,934.8429565429688,945.3740503477449,929.989907003196,937.415037254252,26162148
2025-05-28,933.4840698242188,938.8224242656362,930.6692774222134,931.8825397952628,18157594
2025-05-29,935.42529296875,941.8798725130029,925.6221566559584,935.6679454442282,28917794
2025-05-30,943.86962890625,945.7623300992254,934.406182182701,937.560664423884,28748078
2025-06-02,937.6576538085938,939.5503549048592,925.9618167140865,936.6870439378242,14668822
2025-06-03,934.0179443359375,947.3153125176999,931.7855532960983,940.5210428582492,24377584
2025-06-04,942.073974609375,943.0931624292062,932.2223193620798,932.2708380103269,12961542
2025-06-05,946.1505126953125,950.6638723983343,941.5886343458625,945.3740366284826,22255418
2025-06-06,960.2728881835938,968.8143027617217,942.8019098505041,943.432829986841,30127008
2025-06-09,960.3700561523438,968.1834546397668,958.9141411829606,968.1834546397668,13202588
2025-06-10,953.7698974609375,962.2627345803987,951.7315810074685,962.2627345803987,15533126
2025-06-11,946.538818359375,954.8860400853163,944.8887696252715,954.8860400853163,11096394
2025-06-12,943.1416625976562,951.68301796828,939.2107043054103,946.3446634564742,16349130
2025-06-13,930.6207885742188,938.0944968797781,928.3883975845915,931.7855323379068,12117762
2025-06-16,939.2592163085938,940.957783641244,931.8340268436207,933.7267280054107,16513746
2025-06-17,936.4444580078125,942.268117646221,931.3487558242051,940.0357266330969,16978736
2025-06-18,938.5313110351562,939.6960548333931,930.329645039179,930.329645039179,18433816
2025-06-19,939.2107543945312,944.7917616817875,934.5032605291775,938.5313155721643,16876220
2025-06-20,953.4786376953125,956.0022590492599,937.4150552584099,937.4150552584099,32900408
2025-06-23,945.5682373046875,950.1786346265085,942.3652362767411,945.5682373046875,11739518
2025-06-24,951.634521484375,960.4185295373859,949.0623814631601,953.6242600004867,22625322
2025-06-25,961.0009155273438,961.8744882040819,953.0904797513926,954.1096083800328,18405932
2025-06-26,981.1895751953125,983.7616558949239,960.9038045145849,961.5832432953354,50084830
2025-06-27,988.5982666015625,991.0024333509556,978.0494242399598,987.6660313444861,28213384
2025-06-30,982.023681640625,988.0586250503452,979.0798184930638,986.9301202198938,13649020
2025-07-01,987.2244873046875,989.138010315157,983.250284063281,983.740927917604,14389386
2025-07-02,974.418701171875,991.0515399227539,970.4444979040134,991.0515399227539,18878250
2025-07-03,974.9583740234375,985.2128423794024,973.584607191008,978.7854199779471,16860506
2025-07-04,976.037841796875,983.0049605598704,971.4748300017685,974.9583893832662,7863944
2025-07-07,975.1055908203125,980.5026731224453,973.3392849545877,975.8906089947405,11349426
2025-07-08,981.974609375,983.740915249207,970.0028875050783,970.0028875050783,15224316
2025-07-09,986.7828369140625,988.058558773539,980.3554147849677,984.7221568062151,13861428
2025-07-10,984.3296508789062,989.6286283244265,981.2876830187669,989.1379844829171,17030310
2025-07-11,973.2902221679688,983.642855752239,971.9164552660966,980.306453474884,12516922
2025-07-14,972.94677734375,975.7434233970494,966.8627814826074,972.94677734375,13088850
2025-07-15,979.079833984375,983.0540373178538,968.0403470063502,968.0403470063502,14498168
2025-07-16,979.4722900390625,992.4252390812768,977.6568719540081,990.1192370651518,17994612
2025-07-17,974.8602294921875,983.6427659529008,972.7994894879338,983.2502269350301,22529158
2025-07-18,960.38623046875,979.8157138677898,958.2273856704023,974.8602232374529,16129446
2025-07-21,981.5330200195312,982.2689857931025,969.7575676423911,970.5916382285527,22309078
2025-07-22,984.771240234375,990.1192700741381,982.7596124670459,987.7151032772119,14836814
2025-07-23,993.2103881835938,995.9089294093236,982.7596500249109,986.6848008986999,13634916
2025-07-24,988.2548217773438,999.7849522880986,985.4091233743482,999.7849522880986,19107176
2025-07-25,985.9922485351562,991.1076548914018,983.237817433207,991.1076548914018,9306598
2025-07-28,987.9105224609375,994.2555908496133,983.9756037755068,985.205265864704,12059580
2025-07-29,994.3539428710938,996.7640925817828,981.9097985152405,983.6804999207345,19895696
2025-07-30,996.4197998046875,999.764444634085,992.091365270063,997.5018784172968,15154036
2025-07-31,992.6815795898438,999.1742313953042,987.664582321978,990.9108782036614,22183032
2025-08-01,989.7304077148438,997.6494796779898,988.3040477115343,990.6157884442932,11317258
2025-08-04,979.7947387695312,992.8291567300697,977.8764539291843,988.6974801605747,13933946
2025-08-05,972.7118530273438,980.975205994727,966.7603007320947,977.0894619202779,23978058
2025-08-06,976.499267578125,977.8272785976125,968.9737116887809,969.5147509914575,14080204
2025-08-07,981.4671020507812,984.5166400056098,972.3184281442016,973.9415460716062,13081186
2025-08-08,970.8920288085938,980.1882863803764,968.9737439061473,977.3846207407715,13895264
2025-08-11,981.5654296875,982.5491593344192,970.4984711596596,971.8757166821836,9105854
2025-08-12,968.924560546875,981.7622208654035,967.7440729221851,979.7455870293594,12937802
2025-08-13,974.0399169921875,980.7784409396806,968.5309950398891,980.7784409396806,13577396
2025-08-14,979.35205078125,981.7622004561191,969.5639286580633,972.908633518138,17511716
2025-08-18,985.5003662109375,996.8132573563983,981.5654475516468,988.6483131467888,19284796
2025-08-19,979.35205078125,986.7300232295675,977.1878335213248,982.8935135816985,12352438
2025-08-20,977.9256591796875,979.7947696044055,973.4005266300795,977.3354453835109,9950228
2025-08-21,979.4012451171875,982.5000176251586,975.4663263982883,982.5000176251586,12439850
2025-08-22,966.317626953125,981.7621945267439,962.6286407512459,978.7618310909676,19833502
2025-08-25,966.0717163085938,972.6135426708398,962.5794879672083,964.1534314319724,17518044
2025-08-26,957.5625,969.6623631247153,952.2503356808104,963.5632270654481,16917731
2025-08-28,942.2162475585938,956.3819785474136,939.4618165446824,951.2665723546679,25438255
2025-08-29,936.1171264648438,947.6267755693488,934.6415319653455,938.4781016808785,14823813
2025-09-01,935.1333618164062,941.8719458039564,930.9525108908947,934.1496321868741,20178344
2025-09-02,929.1326904296875,939.2650942089082,928.6408255856272,935.5269334024698,14196320
2025-09-03,938.9207763671875,940.740652202688,924.7058709175366,929.6245191670979,16083481
2025-09-04,945.610107421875,949.9877162864987,940.6914592688354,944.5772033181551,17597657
2025-09-05,947.7251586914062,951.7584261964354,938.5272505370174,951.7584261964354,11602111
2025-09-08,950.2828369140625,957.3165278914954,944.823149393627,953.2340258485783,11711307
2025-09-09,949.4467163085938,958.5462157684692,947.0365666053971,958.1526998830964,13985539
2025-09-10,950.1845092773438,958.0543466125587,946.0528326679372,958.0543466125587,18091100
2025-09-11,952.0535278320312,953.4799478098324,944.2820997482355,944.6755555766032,15113633
2025-09-12,951.5617065429688,954.9555859441327,946.5938836721522,954.1194397337725,14363519
2025-09-15,951.3157348632812,956.5294899386951,949.2991011128589,953.824233432933,14486377
2025-09-16,951.1190185546875,953.5783427584718,945.560981879392,945.560981879392,18661794
2025-09-17,950.7747192382812,958.5462075924,948.6596764461077,949.4467082101403,17361476
2025-09-18,961.0055541992188,963.7108108355188,953.4799980850369,957.4640913046234,17791598
2025-09-19,951.168212890625,960.8087513537787,946.4462625851606,959.0380500102757,31243267
2025-09-22,948.5121459960938,955.3982535857159,946.298754270858,948.315388056543,10854415
2025-09-23,941.6260375976562,952.447063800625,939.9536851760515,951.2665762064279,21022298
2025-09-24,935.5761108398438,940.8882751893465,927.6570988338277,936.7074240016012,15117220
2025-09-25,934.3955688476562,942.4129893816753,931.9854792780051,937.0024763946197,31413279
2025-09-26,929.6737060546875,935.9695999150294,925.9847198182591,929.7228805294212,14874656
2025-09-29,934.8382568359375,941.232499440892,923.8204729543667,930.6574059019287,32398179
2025-09-30,935.5269165039062,944.3804835370663,930.9033750448373,942.4621986714628,28296687
2025-10-01,949.5450439453125,953.8242439027433,930.6082481971154,937.1992488555558,25350832
2025-10-03,949.4467163085938,951.0206597658967,936.5106471136629,936.5106471136629,26658296
2025-10-06,957.6116333007812,961.4973774003239,946.3479168763192,956.0868643620497,18542683
2025-10-07,966.514404296875,973.7447933808842,955.201513050652,958.1527020714059,25535736
2025-10-08,962.7762451171875,969.8591107869768,958.6937429483099,960.1201629857547,15939710
2025-10-09,961.2022094726562,963.0713198098597,954.3653364923583,958.6445364195181,15370950
2025-10-10,964.9404296875,970.1541847807785,962.1859386567031,963.0713193511867,13757080
2025-10-13,961.1038818359375,965.0388004923793,956.1852335153851,958.4477997344204,18634254
2025-10-14,961.25146484375,964.4977607253469,951.2665847409552,954.2177737318785,22934382
2025-10-15,962.3335571289062,968.8753835018975,957.5132576917447,959.1364356766506,23310447
2025-10-16,978.1715698242188,980.384961573746,965.5306676270898,966.6619807603523,22936566
2025-10-17,986.2381591796875,992.5832274986775,969.9574453059425,977.7781081157631,25210511
2025-10-20,986.6316528320312,1003.4042311581684,980.7784494751901,980.7784494751901,22195202
2025-10-21,991.3043823242188,993.5669485153896,987.664570603417,989.6320299074079,3471600
2025-10-23,992.386474609375,1003.8961237048558,989.6320435542233,999.4693402098319,43526526
2025-10-24,978.5650634765625,995.4852253636408,975.1711841959709,994.5506701933195,17707768
2025-10-27,986.6316528320312,992.6323796093756,979.9914777728962,980.286584655995,15700796
2025-10-28,987.2218627929688,991.5994716753507,978.8109864255694,981.4178939740924,33904289
2025-10-29,991.451904296875,996.0262711888014,983.729650556841,988.5499498614066,17769445
2025-10-30,981.9097900390625,993.0750977302371,980.8768258561881,983.7296659041476,19962917
2025-10-31,971.2362670898438,988.1072545286754,965.1863657946757,977.8272677237645,23221330
2025-11-03,976.499267578125,978.3683179002891,967.3013592642496,968.9737116887809,16607180
2025-11-04,969.2196655273438,980.7784892471573,967.6948965344255,970.9411924643373,20024544
2025-11-06,968.6294555664062,974.9252895070431,958.1527104344483,965.0388182096445,22279516
2025-11-07,966.317626953125,968.8753600783504,958.8904800750938,964.0550607577244,15004568
2025-11-10,968.4818725585938,974.8269410200376,964.2518469316628,966.3176552483678,15988262
2025-11-11,975.564697265625,977.3353986115102,962.0875891716729,967.4981021987119,10200530
2025-11-12,973.4005126953125,982.7459446009269,971.629811290036,982.549186657653,13137263
2025-11-13,970.596923828125,973.9907432290495,966.6127705451346,967.990016129637,14124839
2025-11-14,973.4988403320312,975.5155341538173,960.169315545859,960.169315545859,21386965
2025-11-17,980.3357543945312,981.7129998984626,969.5639028977658,975.121999344663,18396408
2025-11-18,976.302490234375,982.7459073482096,973.8923406153428,981.4178963551165,20002640
2025-11-19,978.41748046875,980.3357652840727,967.9899702531849,973.8923481205824,19813847
2025-11-20,992.4356689453125,995.1409255797437,976.3025381325072,979.106143718625,19850865
2025-11-21,981.8114013671875,991.8946306513916,980.3358068377918,986.7792242744008,17499897
2025-11-24,982.8934936523438,994.9933562138265,977.4337461176169,983.7296398293618,32204053
2025-11-25,973.6956176757812,989.7303993265384,972.3184321597589,987.6645910314578,24989383
2025-11-26,987.5662231445312,990.566586579224,965.3338969506472,965.3338969506472,19494356
2025-11-27,993.0750732421875,1000.2562876177888,984.7133712881919,985.7954498771661,25536848
2025-11-28,991.2059936523438,995.583602701878,987.8613487922537,990.615779865885,15988807
2025-12-01,985.7954711914062,1000.9449320171519,983.0410401436599,1000.9449320171519,16746566
2025-12-02,973.6956176757812,978.2208101938114,968.9737272569581,971.9249162739843,27316662
2025-12-03,984.2214965820312,985.9921979107919,969.957416921422,969.957416921422,15448777
2025-12-04,980.9752197265625,988.3531921071142,976.8435431850351,983.7296507402166,14528169
2025-12-05,986.9759521484375,991.5994935414243,974.0891176678615,975.8598190407668,12843366
2025-12-08,986.7791748046875,990.1238795871441,981.2703128546212,983.7296369469886,12901022
2025-12-09,980.8768310546875,986.4841021884776,977.82729309106,978.7126738119038,15294322
2025-12-10,973.6956176757812,982.2540778335763,969.2688341502419,981.2703481612342,15322830
2025-12-11,984.0247802734375,986.3857555063869,972.4167821359742,973.892376646044,11844809
2025-12-12,985.2052612304688,988.3532081724247,981.9589653386773,986.6808557305643,11988618
2025-12-15,979.89306640625,985.5003373398883,975.8597989154725,975.8597989154725,9790060
2025-12-16,978.1223754882812,982.4508099496376,973.9906989646398,973.9906989646398,20049088
2025-12-17,967.989990234375,979.7947462128429,964.8420432983647,979.7947462128429,19080922
2025-12-18,963.7599487304688,971.334679033018,957.464054962666,957.464054962666,14912404
2025-12-19,969.465576171875,971.9249003123414,962.7762265182249,970.9411706561548,25952384
2025-12-22,971.6298217773438,976.745228147207,967.8916609831689,971.9249286743926,13540411
2025-12-23,980.3849487304688,982.647574967353,971.6297908389565,974.3842218605324,17927849
2025-12-24,980.9752197265625,983.1394369666097,976.8435431850351,976.8435431850351,13699996
2025-12-26,975.9581909179688,980.9752483081762,971.6298163538564,979.7947606844748,9360853
2025-12-29,975.564697265625,981.1719682293385,971.1379138798658,976.9418827381613,13545749
2025-12-30,974.7777709960938,978.8110386964976,966.219310709625,974.0891482066822,33155849
2025-12-31,975.0728759765625,981.3687099365719,971.531413084593,974.8761180311038,10963454
2026-01-01,975.023681640625,981.3195154723957,973.4005036762727,977.3354223369146,7132074
2026-01-02,985.3035888671875,986.8775923251652,972.7118614138294,975.0236621058955,11751459
2026-01-05,961.5957641601562,990.0255759869466,960.4152765333309,989.3861276768052,27647379
2026-01-06,946.544677734375,950.9714611429873,940.445541918535,947.0365425575541,31988783
2026-01-07,933.608642578125,940.8882662408619,930.6082790568153,940.4455758755977,52884712
2026-01-08,931.296875,937.4943598087852,926.083119844739,929.3294156929511,21928849
2026-01-09,923.72216796875,935.1334082207486,918.1148967937476,929.6245460388378,38183839
2026-01-12,921.7055053710938,926.6733280832916,914.4750564356341,922.246544668881,21071666
2026-01-13,922.0989990234375,932.2806373194226,917.4262830054705,932.2806373194226,32042827
2026-01-14,910.3926391601562,924.7550683892156,905.2280583696796,914.8685971701506,36688248
2026-01-15,910.3926391601562,910.3926391601562,910.3926391601562,910.3926391601562,0
2026-01-16,915.95068359375,920.7218085803552,904.2443363942556,906.9987674975428,37780235
2026-01-19,912.8027954101562,920.9185652819042,904.5394420693568,920.6726328615482,38191942
2026-01-20,916.049072265625,919.2953681382725,904.637772173591,914.1799618930222,36022727
2026-01-21,905.3755493164062,916.9836070913005,900.6044845836736,909.9499161549952,32766854
2026-01-22,903.75244140625,913.1962220288154,898.3419283315923,912.9011151422527,44444755
2026-01-23,901.1947021484375,911.0319985807623,894.4561781091321,905.0312717738813,30985247
2026-01-27,911.3272094726562,916.0490999795524,890.2753700750383,891.2590997657288,44753093
2026-01-28,917.524658203125,926.1322926560076,913.2946327089841,917.3279002643548,35347138
2026-01-29,920.2791137695312,924.0172745375145,909.310503842987,914.9669494914904,37175628
2026-01-30,914.1307983398438,923.6238136980638,912.6552038308206,914.8685955943554,29691233
2026-02-02,912.9994506835938,914.6718030723491,894.5053455447564,900.1126164754811,28032106
2026-02-03,933.2643432617188,977.8272849855383,929.6245315003357,967.7440559401642,50336968
2026-02-04,937.5927124023438,941.62604002273,932.5265406922532,937.0024986247718,24366770
2026-02-05,934.248046875,940.4947060438036,931.2968579683982,940.4455315704454,28103169
2026-02-06,925.7879638671875,932.674071523322,922.3449100391202,929.6245335781572,18120272
2026-02-09,922.0006103515625,934.5431633331389,920.1315000080592,929.6245151050697,23947829
2026-02-10,917.2295532226562,925.5912552799808,914.8194035624206,914.868578036692,31525385
2026-02-11,912.0157470703125,920.7709650928405,910.2450456843219,916.098249190927,24869804
2026-02-12,905.6215209960938,913.4913584500406,903.5557126812706,911.9174149760892,33872203
2026-02-13,889.1932373046875,913.097855324917,886.3403973585059,898.1451529282086,50188359
2026-02-16,910.7368774414062,914.3766890728148,887.4224732532938,889.1932346170704,18806989
2026-02-17,910.6385498046875,912.9994649414832,903.6540332583628,907.9824677389611,22599629
2026-02-18,909.6548461914062,910.4418179261975,904.5886143276533,908.1792516728873,12738702
2026-02-19,900.702880859375,914.0816406792112,897.6041683586819,913.8848827326366,21209234
2026-02-20,897.0138549804688,902.9162328649714,893.6200357305538,896.1777087970013,22654907
2026-02-23,908.5726928710938,910.5893867142319,900.3585742006053,901.5882362795462,23270122
2026-02-24,895.6858520507812,912.8519465614362,894.3578410316289,912.8519465614362,31313985
2026-02-25,892.8330078125,901.0963609031212,888.4062243801156,895.7350222932594,27884303
2026-02-26,883.9794311523438,897.1614323550999,880.4380284625158,897.1614323550999,41165937
2026-02-27,873.3060302734375,884.3238147843207,870.6007736322075,883.9794733683615,34620755
2026-03-02,865.0918579101562,873.3059762779105,857.3695443137591,861.9439110956672,38378924
2026-03-04,854.5167846679688,864.993469417403,834.202743374385,834.202743374385,39862322
2026-03-05,863.4686889648438,867.0593261570968,849.4505416361635,859.6321193633155,31324582
2026-03-06,843.10546875,857.5171318697022,841.1871839599715,853.9264946975441,34439647
2026-03-09,827.0215454101562,828.7430723323081,808.1339237415574,811.5769775858611,35592613
2026-03-10,835.629150390625,842.8595391904452,826.923107096334,836.2193641547399,52866024
2026-03-11,820.38134765625,835.0388833093358,814.1346283989498,831.2515482012323,42261076
2026-03-12,819.2008666992188,822.7915039414563,806.7566625998296,806.7566625998296,46107561
2026-03-13,803.7071533203125,810.3965031755142,798.7885048911796,806.6583423777922,41700464
2026-03-16,826.9231567382812,830.7597265616207,802.3791489072894,803.7071599773169,52182605
2026-03-17,831.5958251953125,835.0881134427475,821.5125964091002,833.907625869114,38826979
2026-03-18,829.333251953125,833.0222380629118,818.0695356894909,831.5958180920426,23507063
2026-03-19,785.2130126953125,802.3791069663046,757.4718247668609,757.4718247668609,171637393
2026-03-20,767.7518310546875,780.8354236248008,765.5384393026802,772.2277890336613,103129469
2026-03-23,732.04248046875,756.1930326018271,728.9928823726722,750.7333447737776,72341738
2026-03-24,752.454833984375,760.1770877270425,735.5346719806084,742.7158864237038,61269986
2026-03-25,769.5717163085938,781.8683373030494,755.7011518436857,755.7011518436857,59230640
2026-03-27,743.8963623046875,762.2921184952538,742.2731843894259,760.6197661066401,65485199
2026-03-30,719.6473999023438,738.7809532430898,714.8271607333363,733.0753333889118,103500135
2026-04-01,730.17333984375,743.6012737142313,727.0745673991486,730.9111370884557,78862761
2026-04-02,738.6826171875,742.7158847301245,714.8271732077576,718.1226435138951,49310300
2026-04-06,758.45556640625,760.1770933079504,732.8785952952741,746.6508105088765,42976659
2026-04-07,759.4392700195312,761.4067292682865,748.6182441513773,753.5368922732654,51309793
2026-04-08,802.82177734375,804.4941298279846,783.0488345582994,786.9837533249241,70269512
2026-04-09,784.72119140625,805.674621946626,780.1959987742106,801.7397031581198,48879392
2026-04-10,797.1161499023438,799.0344347920734,787.9674758614352,790.9186649096054,38156026
2026-04-13,781.7699584960938,785.5081191272287,774.5395096022282,778.6220116333144,47549328
2026-04-15,796.72265625,801.5428954413671,790.9186273804953,791.8531825431569,39769515
2026-04-16,782.5077514648438,806.7074765090769,779.3106301457999,804.6908427624061,62861293
2026-04-17,786.8853759765625,790.8694690755784,775.3757269911107,777.2447773125524,37282544
2026-04-20,782.5077514648438,796.7718311959621,777.146412936798,784.130869340026,52148044
2026-04-21,798.5425415039062,801.6413139109341,782.2618278432276,782.2618278432276,49135752
2026-04-22,786.8853759765625,799.8213849297669,785.0162656130275,796.8210214869076,23876412
2026-04-23,771.5883178710938,783.6882404572269,769.7684420568696,779.1138736217773,37677616
2026-04-24,772.0802001953125,774.7854567622786,764.3579463755373,764.6530532653331,27720358
2026-04-27,776.9496459960938,780.0975928052393,772.227755803421,774.6870798664892,18115375
2026-04-28,769.817626953125,781.5732082997206,765.6367759332712,772.2277766082829,35366803
2026-04-29,766.3253784179688,777.1464043006358,764.7022005187322,772.7196209849993,25799963
2026-04-30,759.1441650390625,766.1286213727735,749.847908057028,757.4718126650201,47998755
2026-05-01,759.1441650390625,759.1441650390625,759.1441650390625,759.1441650390625,0
2026-05-04,766.7189331054688,773.8017387354295,760.0295232783589,760.0295232783589,29028060
2026-05-05,759.734375,764.2595672860843,751.2743242683289,761.8002432312857,38887657
2026-05-06,783.58984375,785.9508189360297,760.9148872376333,762.5380651832903,35530831
2026-05-07,783.0979614257812,788.5084744009563,775.7199891869062,781.0813276889071,46137553
2026-05-08,768.145263671875,775.9167518274592,764.5546865191014,771.2440360478325,38016841
2026-05-11,751.2251586914062,762.2428825536997,749.5036318326614,759.3901026416063,41123422
2026-05-12,738.2399291992188,747.3394284783378,735.6330216051203,744.2898305325124,43937132
2026-05-13,737.4037475585938,747.5853858194506,735.1903557682459,739.7647228184694,28960919
2026-05-14,757.0291748046875,765.6368096362314,734.846082190099,738.7810009702333,50992358
2026-05-15,755.0125122070312,769.1782432932904,752.9467039429112,760.4230253238243,24347873
2026-05-18,756.143798828125,761.5050772404568,739.1252283144738,746.6507839481793,29812079
2026-05-19,750.044677734375,758.2587962302428,747.8804605130283,754.2255287138954,40307830
2026-05-20,747.1427001953125,749.8479568451309,742.8635000569833,747.2410491475586,24013451
2026-05-21,746.7984008789062,755.7503168336749,742.8634822100684,754.5206547496631,34664725
2026-05-22,754.3239135742188,762.390509033052,746.7984174780529,746.7984174780529,25604071
2026-05-25,774.0476684570312,775.0313981291084,762.5872538025895,763.3742255318324,26043952
2026-05-26,766.22705078125,777.9825721015808,764.1120080103449,771.2932224692265,31528062
2026-05-27,746.3065185546875,761.3083956280444,744.584991677417,756.9799611769273,63680153
2026-05-28,746.3065185546875,746.3065185546875,746.3065185546875,746.3065185546875,0
2026-05-29,732.4359130859375,748.1264133157719,725.7465633447872,733.9115075895189,101299431
2026-06-01,730.6160278320312,740.1089829912345,727.1729740345589,736.8135126590627,47996441
2026-06-02,736.0757446289062,741.3386744827858,721.2214502442791,725.0087855549667,47314447
2026-06-03,741.3878784179688,744.5849997963322,730.5176176978582,732.3375535846441,36109480
2026-06-04,741.9288940429688,744.9784318589446,732.8785694984622,736.9610714527732,42673538
2026-06-05,734.8952026367188,746.355676758121,732.5342875674706,741.6829610502508,22116568
2026-06-08,726.6319580078125,729.4355636015806,722.5494557860566,725.9925096938186,21550700
2026-06-09,726.3367919921875,731.8457142768752,720.3852393810432,727.4189306755471,38539563
2026-06-10,734.698486328125,743.6504624272108,724.418559222074,724.5169081730804,44458159
2026-06-11,732.485107421875,743.699649970007,728.0583237911012,730.9111639255492,32632007
2026-06-12,759.8819580078125,761.8494172504803,740.8467538097462,742.4207572291352,36088159
2026-06-15,764.7022094726562,780.5894671305239,762.980682607529,777.1464134002696,39990334
2026-06-16,772.1294555664062,774.8838866823837,766.7681167622869,767.8010209255166,27820970
2026-06-17,774.2935791015625,781.376444549763,770.3586605239058,774.8346784396643,32405604
2026-06-18,786.0,789.8857441736253,773.4082723338255,773.7033792240301,41492071
2026-06-19,779.7999877929688,789.0499877929688,776.2000122070312,788.7000122070312,33798761
2026-06-22,786.4000244140625,789.9000244140625,783.0999755859375,789.9000244140625,25194765
2026-06-23,774.6500244140625,790.9000244140625,772.5499877929688,783.0499877929688,28289062
2026-06-24,793.2000122070312,794.9000244140625,772.6500244140625,773.0,34701292
2026-06-25,796.2999877929688,804.4500122070312,794.75,798.5,46707966
2026-06-26,796.2999877929688,796.2999877929688,796.2999877929688,796.2999877929688,0
2026-06-29,798.9000244140625,805.9000244140625,793.2999877929688,800.0,46695977
2026-06-30,797.9500122070312,806.0999755859375,792.75,806.0999755859375,45778356
2026-07-01,796.1500244140625,802.25,793.5,793.5,26094378
2026-07-02,795.9000244140625,805.4500122070312,794.0,795.0,34143823
2026-07-03,801.0499877929688,807.0,798.5499877929688,803.0,25871958
2026-07-06,829.8499755859375,831.5,805.0,805.0,63203327
2026-07-07,829.2999877929688,843.0,826.0999755859375,843.0,57611729
2026-07-08,810.2999877929688,834.3499755859375,806.9500122070312,825.9000244140625,38754632
2026-07-09,817.5499877929688,822.8499755859375,812.2999877929688,813.0,39891798
2026-07-10,824.9500122070312,827.7000122070312,820.2999877929688,824.0,23595785
2026-07-13,817.9500122070312,821.9500122070312,811.0,817.0,21741736
2026-07-14,809.4000244140625,818.4000244140625,807.0,811.4000244140625,25605395
2026-07-15,815.4500122070312,819.7000122070312,809.7000122070312,811.0,21488739
2026-07-16,808.2999877929688,818.0,806.5,814.5,18698186
2026-07-17,819.5999755859375,823.7000122070312,808.5,810.0,17415322
2026-07-20,777.5999755859375,790.0,774.5499877929688,790.0,56061789
2026-07-21,761.4500122070312,772.5,760.0999755859375,769.1500244140625,42246009
2026-07-22,753.1500244140625,761.3499755859375,750.3499755859375,760.25,23385446
2026-07-23,747.25,751.0,743.25,749.4000244140625,32532090
2026-07-24,742.7999877929688,748.25,737.25,738.5,23837859
2026-07-27,739.5499877929688,747.9500122070312,738.0999755859375,746.0999755859375,29678752
2026-07-28,735.4000244140625,740.25,732.0,732.0,33886037
2026-07-29,748.2000122070312,751.25,740.7999877929688,743.0,20460659
2026-07-30,753.9500122070312,757.9000244140625,745.5,752.7999877929688,35844392
2026-07-31,748.1500244140625,757.5499877929688,747.2000122070312,753.9500122070312,25522483
