Date,Close,High,Low,Open,Volume
2021-01-01,2521.074462890625,2531.1906158621828,2478.672715328988,2479.533664518057,2681440
2021-01-04,2616.811767578125,2626.5405346980588,2532.008279036698,2539.7999106315733,5113293
2021-01-05,2662.915283203125,2681.2104496331494,2616.940690227785,2616.940690227785,5801309
2021-01-06,2627.18603515625,2680.564876440762,2614.8744216601654,2668.942064225586,3726716
2021-01-07,2611.086181640625,2652.4548233256423,2583.062249518992,2647.418187574669,3717827
2021-01-08,2686.935546875,2693.0483686173875,2634.5038388648354,2660.332307873314,5879039
2021-01-11,2734.76171875,2780.865584960239,2709.019424811484,2780.865584960239,9508039
2021-01-12,2733.385009765625,2763.64729403286,2711.9903352658907,2734.7624025504556,3611458
2021-01-13,2719.69482421875,2735.2349958370237,2691.5418337222204,2733.513097822647,3572801
2021-01-14,2804.012939453125,2817.641863076815,2691.617754288858,2721.463363847344,6931542
2021-01-15,2789.04638671875,2824.110471902253,2768.904891510761,2790.4695713511874,4131692
2021-01-18,2779.041015625,2809.231575273289,2749.411053561698,2803.4091101982617,4160906
2021-01-19,2812.638916015625,2828.4243088054377,2787.882697791758,2788.745285260134,2975735
2021-01-20,2854.129150390625,2870.6476143956615,2818.1592989480555,2820.6607181001477,3453446
2021-01-21,2823.982177734375,2854.431348081658,2813.8467745856074,2850.851694185324,2778546
2021-01-22,2849.212890625,2868.103472870908,2796.4223664998394,2796.4223664998394,3052459
2021-01-25,2839.0341796875,2880.8696719465147,2828.1223218457994,2854.2587642828466,2272887
2021-01-27,2812.940185546875,2852.1015623459,2783.569047651311,2846.5379167181054,2786662
2021-01-28,2757.30419921875,2824.9741485361455,2746.3062082588003,2786.1577098539697,3083938
2021-01-29,2683.8115234375,2774.814498620506,2674.0210717281498,2768.948861893027,5445659
2021-02-01,2707.964111328125,2730.089396130799,2625.8026531981222,2674.0212094804033,3985846
2021-02-02,2763.255615234375,2780.981828748928,2717.150359974914,2737.852457955675,2881837
2021-02-03,2760.3232421875,2791.333221488159,2728.062342505683,2771.493708480054,2505866
2021-02-04,2750.31689453125,2792.9288406332607,2739.5777229687446,2774.1243922298722,2057261
2021-02-05,2724.0078125,2765.3258749331653,2699.035949619647,2759.3738955726767,2366135
2021-02-08,2772.442626953125,2782.7073341843807,2721.5929242725,2751.2228897647497,2526592
2021-02-09,2740.353515625,2799.78590709136,2729.2262236656798,2755.9664300290287,2658751
2021-02-10,2771.752197265625,2777.013854169125,2723.4473017724445,2747.3409311746523,2127983
2021-02-11,2765.455322265625,2776.927777293114,2747.3841575839447,2773.2186091965013,1165882
2021-02-12,2752.344482421875,2799.527980758585,2744.7536696268116,2746.65132017741,2777404
2021-02-15,2708.39501953125,2768.0428515244666,2701.2355022903666,2768.0428515244666,2630853
2021-02-16,2681.61181640625,2732.3749597743044,2674.021004983255,2717.150376031372,3435770
2021-02-17,2650.8173828125,2702.356979177696,2627.053058185839,2678.4201791921864,3678426
2021-02-18,2637.23193359375,2672.2096876641276,2614.5026691089115,2643.830643622175,4189909
2021-02-19,2649.739501953125,2662.9369222580963,2601.6932096230908,2637.792580814729,3725028
2021-02-22,2551.921630859375,2670.570568892352,2538.724001627138,2670.570568892352,5366696
2021-02-23,2570.6826171875,2611.9143320510802,2560.1590942957746,2561.8842688876184,3832829
2021-02-24,2542.994140625,2590.6520971446007,2519.7472404187038,2563.6098964027583,3774549
2021-02-25,2583.7080078125,2613.553404647597,2560.547452544542,2565.3348545968297,4224073
2021-02-26,2496.5869140625,2563.9119070690585,2484.25187133284,2553.2588677587523,5553153
2021-03-01,2522.378173828125,2557.5717838320993,2503.0562992261116,2523.9308733533635,3265871
2021-03-02,2593.23974609375,2609.3269170643844,2542.9076864482,2553.2587353753975,3306469
2021-03-03,2638.7412109375,2642.9678049786457,2585.0881059524086,2617.9527702709497,3509857
2021-03-04,2630.63330078125,2658.020456448059,2601.6073129494007,2607.602254512263,3916760
2021-03-05,2594.7060546875,2642.2776652670846,2584.829471136932,2601.649925333204,3203686
2021-03-08,2593.757080078125,2616.227523444832,2584.311790385993,2601.563537985365,2003125
2021-03-09,2631.7109375,2645.469164158386,2580.9477962993865,2593.7570925981777,1942397
2021-03-10,2648.963134765625,2668.1557073199397,2639.5178434248423,2652.456656382807,3053778
2021-03-12,2637.7490234375,2688.6848500917695,2623.4301993562667,2652.4561803119,2938317
2021-03-15,2644.822021484375,2673.1580991245287,2623.1280346685035,2623.1280346685035,3097083
2021-03-16,2682.690185546875,2709.387225449249,2639.5176408388097,2639.5176408388097,4894756
2021-03-17,2685.19189453125,2721.4637434363112,2661.341432807614,2678.3343655688577,3838390
2021-03-18,2619.24658203125,2714.0880224400876,2576.5916781654355,2696.404981132121,3656306
2021-03-19,2631.064208984375,2673.158518840698,2592.075298198224,2613.6399845393075,5776626
2021-03-22,2699.5966796875,2708.0500786626917,2603.849474474257,2629.770268995108,2821646
2021-03-23,2710.767822265625,2733.5400502171756,2693.731717503306,2708.5250103130106,3305973
2021-03-24,2692.222412109375,2719.1351048053625,2683.639496474822,2683.6826679760757,2207104
2021-03-25,2643.701171875,2700.631942315349,2630.8916642888676,2684.5445603732155,3179786
2021-03-26,2645.3837890625,2689.5482336543882,2624.897332824754,2665.9563777077424,3697370
2021-03-30,2724.525390625,2750.3166688550155,2640.293607249068,2659.3568724400325,4694008
2021-03-31,2741.17333984375,2764.592502547157,2701.623624954039,2721.463134332693,3530069
2021-04-01,2730.089599609375,2773.2189771703447,2712.837848584987,2752.603218933267,4285076
2021-04-05,2793.834228515625,2814.622668965383,2718.012880756948,2735.2646286513113,5317862
2021-04-06,2816.08935546875,2824.9740487941745,2786.157611482499,2824.9740487941745,2291562
2021-04-07,2821.868896484375,2827.173936403416,2790.298317730725,2811.172894837434,2491268
2021-04-08,2861.504150390625,2876.7287324587983,2817.2533784444763,2820.6605562639493,2578118
2021-04-09,2865.7314453125,2893.420589492233,2853.4395729080443,2893.1185996171644,2911129
2021-04-12,2800.43310546875,2879.403022361947,2771.665732059278,2865.7309281284092,3791828
2021-04-13,2677.5146484375,2772.3560975851465,2650.7744371664544,2772.3560975851465,8654596
2021-04-15,2776.6259765625,2792.411369848915,2663.1957209025627,2726.0353041877324,6062760
2021-04-16,2756.09619140625,2800.8214346787513,2745.2708874426585,2785.2948606645173,3224657
2021-04-19,2727.32958984375,2750.791931082202,2704.2985424170074,2733.540178613828,2679106
2021-04-20,2712.44921875,2782.146321965287,2696.750170373957,2781.844332141803,3141893
2021-04-22,2690.237548828125,2715.4250580742028,2678.5494477715747,2715.4250580742028,1988980
2021-04-23,2682.215576171875,2690.410156642572,2666.3008804288893,2678.3339327910185,1615309
2021-04-26,2674.710693359375,2719.7377074827195,2663.712705484207,2675.7889274647837,2490260
2021-04-27,2701.623046875,2705.159738548871,2676.6080186631943,2679.1957802023467,1471417
2021-04-28,2694.8095703125,2718.013088769156,2684.372177800576,2717.1073298168585,1639037
2021-04-29,2687.17529296875,2723.490305328415,2678.765066147004,2713.3549037740027,1621395
2021-04-30,2618.513916015625,2701.667485496872,2605.014504558541,2673.1589237175226,3072305
2021-05-03,2619.677978515625,2635.20455198065,2591.212593829746,2609.2405865604173,1545831
2021-05-04,2630.67578125,2665.3949222272317,2617.952617786294,2641.932588331327,1990777
2021-05-05,2670.31201171875,2673.5035432666605,2632.9619318281,2648.1435556676834,1939289
2021-05-06,2683.89697265625,2703.34835665176,2651.5931232761677,2678.764620798354,1791671
2021-05-07,2702.399658203125,2725.646554328508,2684.199192594216,2702.486001169855,1912540
2021-05-10,2713.268798828125,2729.3991418750993,2695.585756267013,2713.6569210585,2137153
2021-05-11,2693.515625,2698.25985592109,2666.387081531657,2695.585750619421,2415625
2021-05-12,2663.324951171875,2691.272698807051,2648.6609653129904,2691.272698807051,1978558
2021-05-14,2632.185302734375,2672.726908249209,2622.265548193511,2672.726908249209,2043935
2021-05-17,2647.927978515625,2652.6290382727884,2618.8156503863306,2635.204812888748,2890462
2021-05-18,2664.3603515625,2694.7233898934733,2655.044364306053,2674.021289586993,2098538
2021-05-19,2658.49462890625,2689.5477783678416,2645.6421596161504,2660.2198038763386,1986041
2021-05-20,2639.51806640625,2664.3606315027264,2632.7037085764546,2645.642522627466,2329027
2021-05-21,2657.200439453125,2663.8423201990017,2635.290804111499,2640.3799854458744,1685566
2021-05-24,2658.06298828125,2678.333791534409,2649.868408242739,2658.06298828125,1652260
2021-05-25,2699.236572265625,2711.5885700674185,2671.5855179759806,2680.166821273382,1841613
2021-05-26,2737.8095703125,2743.4438151144727,2690.395275611222,2704.437504946968,1923753
2021-05-27,2756.445556640625,2789.1675125409974,2740.669715590691,2740.799651958414,5959785
2021-05-28,2724.89453125,2772.0487467329226,2718.0032463993753,2764.6808873372906,1763701
2021-05-31,2738.372802734375,2748.0812088490416,2711.892022501999,2730.441604627184,1652799
2021-06-01,2733.042236328125,2747.7345713920113,2714.8392908911155,2746.56450901616,1377441
2021-06-02,2712.62841796875,2738.6326212021613,2700.1031024025397,2731.1782099155653,2240078
2021-06-03,2722.8564453125,2734.3850163191473,2706.7337566418237,2734.3850163191473,1281706
2021-06-04,2725.024169921875,2736.379424869507,2708.7715406778084,2711.3719613568587,1836060
2021-06-07,2759.218994140625,2765.5033425995257,2716.2255095885403,2726.1070211368938,2559821
2021-06-08,2773.912353515625,2800.653434279736,2762.687245120928,2772.0488031032482,2574057
2021-06-09,2773.99853515625,2791.1179699095774,2761.8198569692045,2775.5154470964185,1710925
2021-06-10,2788.343994140625,2794.5849604125315,2767.713951177796,2782.449665919425,1874324
2021-06-11,2837.752197265625,2868.2637548720177,2783.316686882457,2783.7934729559292,3452954
2021-06-14,2839.96240234375,2868.003473953107,2834.7615618028526,2842.2593556002153,1847360
2021-06-15,2828.17431640625,2858.7292607486975,2818.46612109576,2858.7292607486975,1304985
2021-06-16,2838.229736328125,2855.8691327443207,2819.723321242929,2827.611350012347,1635552
2021-06-17,2875.848388671875,2891.7109961422934,2825.7902937443487,2830.557731356494,2273413
2021-06-18,2858.122314453125,2910.7374487634556,2838.792479065014,2904.5830353811075,3380431
2021-06-21,2837.145751953125,2848.3274763254985,2818.5959573004056,2830.1245314068024,1130569
2021-06-22,2861.50244140625,2883.9094808610066,2847.460214181411,2863.9295426652607,1708688
2021-06-23,2827.003662109375,2885.5998874590587,2822.6696280338883,2885.5998874590587,1467104
2021-06-24,2924.25927734375,2932.4071759799676,2841.8258724358034,2846.593309464444,4155204
2021-06-25,2930.50048828125,2946.839669579688,2903.8027963662275,2925.689668189585,2722861
2021-06-28,2892.31787109375,2939.775548007628,2889.067345277731,2939.775548007628,1355238
2021-06-29,2895.8720703125,2917.932264764551,2883.4333059877717,2896.868813651325,1497322
2021-06-30,2900.119384765625,2931.5411370477004,2893.83503430921,2900.3360865055015,1693146
2021-07-01,2896.435302734375,2914.2048444689417,2888.5041041214736,2910.7376168134165,990310
2021-07-02,2882.522216796875,2894.8742119230924,2856.3013148622726,2887.333036170578,1682274
2021-07-05,2878.66552734375,2924.606290050531,2862.196197316791,2896.8684710577572,1972858
2021-07-06,2827.7841796875,2884.733350441063,2822.4100192558253,2871.73124699857,2159420
2021-07-07,2838.749267578125,2845.4670211779494,2809.8413838996457,2838.7926502484866,2640710
2021-07-08,2824.4892578125,2858.728117927152,2801.432117997603,2858.728117927152,2485811
2021-07-09,2780.846435546875,2844.8602089313854,2774.648850941305,2817.12238849086,6365067
2021-07-12,2767.800537109375,2804.986459603983,2763.6832053160747,2804.1196529106564,1892226
2021-07-13,2762.989990234375,2785.9169872102957,2752.111522835311,2785.9169872102957,1809339
2021-07-14,2786.39404296875,2792.8517117716633,2760.7798578500147,2762.5134715755094,2044279
2021-07-15,2782.397705078125,2807.503217958564,2774.6228962360215,2803.81124948361,2232968
2021-07-16,2775.318115234375,2797.0790558997232,2772.8857169254143,2791.128386115713,1256526
2021-07-19,2766.457275390625,2779.66144992292,2758.9863835986816,2762.461177532685,1597058
2021-07-20,2784.873046875,2792.8650288017852,2741.7420491172716,2766.4566853694837,1811945
2021-07-22,2794.03857421875,2801.509254252244,2771.1482833453642,2771.1482833453642,2859334
2021-07-23,2790.997802734375,2815.9294049643454,2785.611702864252,2805.8958957992936,1776193
2021-07-26,2777.706787109375,2800.900993440184,2771.8865498779865,2779.8350559071373,1259611
2021-07-27,2765.02392578125,2788.5222632828436,2746.0862555326894,2779.835278038972,1121367
2021-07-28,2777.924560546875,2783.701321683867,2721.111542094115,2769.411271436074,1660654
2021-07-29,2776.186767578125,2801.943593815388,2771.4089257268242,2780.0524335681666,1731997
2021-07-30,2751.558837890625,2800.2494279850853,2747.12860308686,2796.340284995809,2999943
2021-08-02,2796.6884765625,2801.4663193554675,2751.1687500597195,2762.4618330249154,2608669
2021-08-03,2853.588134765625,2858.0185827520727,2796.2975007289047,2805.027964652414,3804735
2021-08-04,2844.074951171875,2871.2217749015135,2832.9990470901826,2866.7045858498136,2929598
2021-08-05,2852.761962890625,2879.7350896312328,2834.128425315806,2844.987154914717,2534521
2021-08-06,2875.21875,2887.5542280518885,2836.301009202592,2842.859726234978,2292362
2021-08-09,2886.42431640625,2898.846746739973,2875.391888435514,2887.466712136198,1510489
2021-08-10,2896.154052734375,2910.053229734612,2880.2570387080414,2880.2570387080414,2040777
2021-08-11,2905.101806640625,2918.8272868947324,2890.2471878777355,2910.140300921831,1929707
2021-08-12,2911.659912109375,2925.7762613513464,2889.2909279259434,2889.2909279259434,1310205
2021-08-13,3008.649658203125,3023.070135060509,2916.6545915131205,2919.477861035806,4363584
2021-08-16,3016.9462890625,3035.536563448586,2985.28227245685,3005.6966863671473,2083489
2021-08-17,3086.529541015625,3093.2619550301024,3008.303191243384,3024.8954190032327,4336019
2021-08-18,3093.0439453125,3122.970560983455,3072.2386622953213,3104.5976757575286,2631309
2021-08-20,3092.1318359375,3105.596660619908,3040.4442831243855,3045.6564733240275,2836148
2021-08-23,3159.8046875,3190.730447237662,3094.217933139411,3109.941465045148,3744176
2021-08-24,3138.78173828125,3185.821894709705,3122.4501621886025,3176.8307793682116,2511141
2021-08-25,3178.56787109375,3212.229938599867,3133.4390255895655,3136.001643795692,2123263
2021-08-26,3189.730712890625,3203.4127144407685,3168.9252138816178,3179.436550700011,1902533
2021-08-27,3231.68798828125,3239.810402452228,3171.7045386194036,3184.6480588255445,3944728
2021-08-30,3215.313720703125,3249.2364387035072,3203.412593965281,3227.214847440969,2033114
2021-08-31,3289.282958984375,3304.615612737441,3217.180992996099,3222.3497059723213,3207480
2021-09-01,3227.171630859375,3315.5617081836626,3220.2655198145953,3297.579690643702,2643336
2021-09-02,3332.97900390625,3352.437765671095,3233.295850013439,3243.720232119877,3403717
2021-09-03,3337.5830078125,3350.4830528749976,3305.006815102271,3322.7716564433317,1746812
2021-09-06,3346.226806640625,3368.4655743015705,3313.216261819144,3344.2287575634564,1723693
2021-09-07,3314.8662109375,3361.819402883082,3308.2207528685676,3356.65068970896,1585039
2021-09-08,3278.59814453125,3314.0845607693886,3262.831352621186,3309.741068553439,4147175
2021-09-09,3293.582763671875,3308.611287198441,3270.6492125926957,3292.106018927721,1441148
2021-09-13,3340.44970703125,3346.573861504816,3272.3870978760497,3272.3870978760497,1691473
2021-09-14,3375.675537109375,3384.883826372717,3322.771881400139,3344.4458673337895,1991188
2021-09-15,3435.311279296875,3457.4196110258426,3358.38799402661,3372.3741230155924,2461369
2021-09-16,3390.790771484375,3458.9401238604128,3381.0613910627826,3413.984978155691,2946666
2021-09-17,3325.247802734375,3427.0157522153695,3305.3979561925175,3405.2982886398604,6477148
2021-09-20,3321.468505859375,3362.731682014291,3307.8734600232196,3308.8723784015588,2002008
2021-09-21,3355.738525390625,3363.2094166504107,3319.861238160691,3351.4385106205073,1568129
2021-09-22,3355.043701171875,3385.1877076595533,3346.6173684546684,3355.3478304693117,1744067
2021-09-23,3361.211669921875,3369.6814802938434,3331.458746307525,3361.863193796642,2003869
2021-09-24,3362.992431640625,3426.494162590542,3348.83260415297,3379.2370506238785,2320754
2021-09-27,3333.153076171875,3391.3993601612406,3303.5738462002655,3387.9245657348456,1673362
2021-09-28,3282.94189453125,3344.489268897925,3258.7052908969717,3344.489268897925,2253075
2021-09-29,3294.017822265625,3306.2665561909757,3233.4261006959136,3266.13272711656,2489161
2021-09-30,3279.814697265625,3305.3978259324667,3257.706362633929,3305.3978259324667,2252412
2021-10-01,3240.419189453125,3309.7413740348698,3235.9019995485273,3285.200640749703,1578374
2021-10-04,3277.8603515625,3286.851254497421,3220.6564659820315,3235.7284709822225,1356860
2021-10-05,3329.981689453125,3335.801926439112,3250.3220869079396,3261.093862461569,1877966
2021-10-06,3310.522705078125,3350.9606587155918,3296.7104851126683,3332.3271201296957,1678154
2021-10-07,3381.755859375,3387.0550043592734,3318.4713092552415,3327.1148157722537,1647233
2021-10-08,3418.8935546875,3466.0204536607403,3387.9245344817896,3409.6419994464163,2934339
2021-10-11,3201.675048828125,3264.1343817040797,3179.436283975231,3261.962635608468,11845402
2021-10-12,3173.225830078125,3220.265775386487,3153.897285836865,3219.3970767689025,5752877
2021-10-13,3175.26708984375,3192.858236546606,3166.4064065140506,3170.749899527101,3545655
2021-10-14,3143.28125,3194.2411894028182,3140.4525622982123,3155.0747443011487,6442299
2021-10-18,3174.353271484375,3179.183842238578,3134.577612848602,3136.3183437516254,3590107
2021-10-19,3163.0380859375,3211.7351962506837,3155.2483587152783,3193.3704027509225,3135441
2021-10-20,3141.017578125,3159.425717349317,3114.427878418704,3143.759143544279,2933693
2021-10-21,3074.565673828125,3139.7995159026163,3056.0704096897393,3136.883919403963,4871211
2021-10-22,3045.27783203125,3099.8932567069073,3033.2231871659847,3098.5005871767303,2691670
2021-10-25,3040.14208984375,3058.9420632036517,3002.7599469159522,3048.889302622197,2595594
2021-10-26,3031.13427734375,3071.5191422480484,3024.519416070266,3041.4915394122427,3878763
2021-10-27,3037.35791015625,3056.0707678303984,3031.4829432120405,3031.4829432120405,2510813
2021-10-28,2978.0849609375,3061.9447318095554,2972.297117433096,3061.9447318095554,2424942
2021-10-29,2957.283935546875,3012.334545192476,2947.0135816838533,2959.2858183959333,3960501
2021-11-01,3025.738037109375,3034.963994875041,2970.513397796722,2992.2725316859896,2020718
2021-11-02,3032.52685546875,3058.115723793771,3019.950118885597,3041.056478243757,3087414
2021-11-03,3039.532958984375,3063.5984724746827,3016.7294325728367,3049.9337809315916,1537639
2021-11-04,3053.8076171875,3057.811383209604,3050.6308683269517,3057.5502310791953,328991
2021-11-08,3048.672119140625,3088.056149799711,3029.9157040300906,3088.056149799711,2526082
2021-11-09,3051.239501953125,3076.7412470079594,3042.7970012842507,3053.2413845838532,1782692
2021-11-10,3032.613525390625,3063.424368641989,3029.044943054569,3044.537486197328,1516489
2021-11-11,3036.008056640625,3055.0256225632647,2990.5750325787967,3028.871104008793,1284514
2021-11-12,3068.951904296875,3076.0017364113014,3033.832576061058,3051.5010358519503,1747259
2021-11-15,3092.669189453125,3106.8561869215628,3070.64890396437,3070.64890396437,1809157
2021-11-16,3095.366943359375,3112.034565678552,3082.833768540347,3106.333630694664,2013204
2021-11-17,3065.33935546875,3100.9809832225665,3051.8486938011238,3090.319008678797,1632914
2021-11-18,3025.128662109375,3064.425783307155,3004.152985656586,3059.4645310524397,2136598
2021-11-22,3010.0712890625,3060.16085491759,2994.317804519924,3027.4785951812783,3167936
2021-11-23,3015.1630859375,3029.6981444091452,2966.0310056960593,2998.408553382316,2153461
2021-11-24,2996.928955078125,3040.229629838049,2980.130861868933,3022.082427881749,2161746
2021-11-25,2999.191162109375,3014.074491055451,2988.877462656823,2997.4504318228865,1849619
2021-11-26,3000.018798828125,3037.574977522078,2969.5993607935234,2981.0012315223835,1941251
2021-11-29,3048.019775390625,3071.8243552064773,2964.8563149772426,3000.280145939352,2981745
2021-11-30,3071.6494140625,3101.764136483824,3038.4450650200015,3038.4450650200015,5588446
2021-12-01,3113.99267578125,3124.6110887936125,3076.7410024750475,3076.7410024750475,2102118
2021-12-02,3170.654052734375,3175.0930013018956,3110.7730827907844,3123.9154729273373,3152938
2021-12-03,3168.521484375,3190.715800719207,3160.16610454034,3173.7436764559898,2486263
2021-12-06,3077.959716796875,3183.796220721799,3065.4265416572375,3168.5212674324416,1849642
2021-12-07,3119.82470703125,3131.574639670369,3067.428753612896,3100.6766686563897,1484458
2021-12-08,3156.727783203125,3173.7434671096034,3134.1854072037404,3134.1854072037404,1428660
2021-12-09,3134.838623046875,3163.560681646319,3103.7230595641445,3142.019137696736,1567957
2021-12-10,3165.344482421875,3169.8703393647284,3111.6429873202883,3120.259518567422,1510718
2021-12-13,3141.714111328125,3187.2778211020996,3134.7947494906152,3176.8334371989795,1883864
2021-12-14,3154.0302734375,3163.7783237110075,3113.0359768736716,3137.6673609293484,1747007
2021-12-15,3107.5087890625,3153.3334364504094,3096.8901625623257,3150.7223405880436,1603233
2021-12-16,3117.30029296875,3140.6694726505343,3107.203970979604,3117.648354075334,2072320
2021-12-17,3119.694091796875,3178.0085695838147,3110.4245734298493,3135.4911377231397,4333992
2021-12-20,3095.80224609375,3138.5372672585236,3055.112668377628,3123.7410571799337,2312310
2021-12-21,3140.5390625,3169.173995034654,3104.0706300032657,3118.2140657139958,2340989
2021-12-22,3160.079345703125,3165.3450991541345,3138.7553922583197,3154.2043789377194,1224328
2021-12-23,3187.887451171875,3194.676344094909,3159.4265438127013,3175.0931217159045,1792861
2021-12-24,3195.024169921875,3224.7037142044237,3172.3077611305043,3207.2964067053445,2209923
2021-12-27,3216.957275390625,3220.351615069357,3179.5315674317108,3195.1110213296242,1534135
2021-12-28,3226.052490234375,3242.110687247403,3214.998893611058,3229.0552079698964,1456218
2021-12-29,3215.73828125,3237.715002681955,3207.295781257609,3213.6059289954974,1456923
2021-12-30,3249.72705078125,3255.1668349305323,3202.9449070974224,3204.1199854702945,1966475
2021-12-31,3253.73046875,3272.573794030178,3247.5943503878843,3257.6035521515405,1207141
2022-01-03,3322.8369140625,3333.4988883136334,3259.5178424894407,3263.869668714393,2346158
2022-01-04,3381.15185546875,3384.9813780824193,3317.571622986017,3334.456838580845,2488606
2022-01-05,3360.43701171875,3368.3138605317376,3318.180732029534,3363.9620338385444,1733031
2022-01-06,3313.87255859375,3337.8511668408105,3283.0181489761508,3317.8327634933953,1810293
2022-01-07,3353.952880859375,3363.874960866469,3304.2549343090877,3324.7956415940866,2460591
2022-01-10,3376.8876953125,3462.313984776866,3360.481220518723,3462.313984776866,3937092
2022-01-11,3408.26318359375,3416.18359233309,3356.128390327744,3356.128390327744,1906106
2022-01-12,3359.5234375,3419.665773696012,3339.200532209036,3416.1843119768,3203744
2022-01-13,3392.5966796875,3414.442932824278,3356.9988253640686,3410.0911065015353,6684507
2022-01-14,3453.740234375,3461.4430528434973,3359.653866015669,3375.146411994142,3348123
2022-01-17,3498.12841796875,3518.8867142278687,3448.64828088195,3475.10729954909,3442604
2022-01-18,3473.27978515625,3517.7553236459385,3464.053828155006,3511.0099926991543,2389041
2022-01-19,3413.162841796875,3498.041884432763,3409.544563577846,3498.041884432763,3102539
2022-01-20,3336.3486328125,3417.827148146218,3322.790627955417,3409.108201339722,6176776
2022-01-21,3342.40869140625,3358.1464350043802,3288.002541429297,3319.303479374878,3112358
2022-01-24,3288.219970703125,3356.489151449722,3260.9732629131663,3348.075453230145,3258414
2022-01-25,3286.955322265625,3321.395158492782,3245.365992989606,3286.6066495763694,3330501
2022-01-27,3181.761962890625,3255.1318220283392,3160.7057895166804,3253.0393597437615,5718297
2022-01-28,3217.335205078125,3251.9930207471753,3178.928199480695,3178.928199480695,3143862
2022-01-31,3257.61669921875,3276.5804096792403,3244.668977275617,3268.7333570748997,2739393
2022-02-01,3313.766357421875,3320.1748683247147,3257.7471254655034,3287.0428712143316,2105169
2022-02-02,3362.2001953125,3369.0010163346046,3313.7664036563433,3337.525533494624,1984212
2022-02-03,3334.648681640625,3385.1313015453898,3327.1939390990083,3357.6666174504307,1960538
2022-02-04,3326.191162109375,3334.7357731436837,3286.1712786456783,3326.5400477247117,2307366
2022-02-07,3294.890380859375,3340.9264679175108,3274.967499946627,3305.353118242363,1919149
2022-02-08,3263.89453125,3312.9386135210448,3244.3205356543667,3305.832756080194,2946443
2022-02-09,3278.80419921875,3293.9750843631887,3266.2053612919385,3269.6056660386375,1638721
2022-02-10,3287.347900390625,3304.306207839928,3276.5799169014713,3304.306207839928,2112459
2022-02-11,3221.607421875,3271.7850066553174,3217.2915854918374,3271.7850066553174,3851488
2022-02-14,3255.436767578125,3307.3145011357815,3234.729268889145,3246.9357944321227,5951745
2022-02-15,3328.719970703125,3343.716518513038,3267.8616718088306,3300.9936738175647,3931683
2022-02-16,3324.621826171875,3360.3695095219214,3318.431288543338,3351.5632877458197,3256906
2022-02-17,3299.423583984375,3343.715873327904,3294.8897745257236,3334.996927113229,3134372
2022-02-18,3307.8818359375,3327.1071602416628,3276.2322226992383,3286.1717389925,3688883
2022-02-21,3242.924560546875,3337.43805913022,3230.848948538203,3321.9182932972194,7465922
2022-02-22,3126.96337890625,3198.022804045737,3112.664389545629,3182.4159725046347,5408531
2022-02-23,3107.258544921875,3158.7873968002073,3100.1524750080293,3148.4119344468936,2426203
2022-02-24,2965.88037109375,3037.550282100594,2956.682052765938,3028.962034594024,5039136
2022-02-25,3069.723876953125,3077.7889045358324,3018.5000531170117,3023.7314223598487,2549723
2022-02-28,3098.887939453125,3107.2145759792743,3013.1806523150753,3042.9123451891032,3288942
2022-03-02,3091.868896484375,3114.3638193433144,3056.862414053534,3097.4055122433483,2761341
2022-03-03,3090.34375,3120.1627215451904,3077.8758250310893,3106.4303788627763,1928039
2022-03-04,3072.862060546875,3104.9912513670993,3040.340346833838,3052.93918222262,2370257
2022-03-07,3038.465576171875,3093.4822136519515,2991.9501243817053,3008.036538077574,3054130
2022-03-08,3138.777099609375,3146.6677887571,3016.7554860347927,3016.7554860347927,3300992
2022-03-09,3167.244873046875,3185.9033350740265,3136.2489729035888,3143.180493415946,2719654
2022-03-10,3157.087158203125,3212.060163122713,3151.8994271684605,3212.060163122713,2005441
2022-03-11,3138.079345703125,3173.5656260031114,3132.5865800478423,3141.6541986877323,1623423
2022-03-14,3176.312744140625,3180.9774664485976,3121.383371952632,3121.383371952632,1765688
2022-03-15,3133.50244140625,3190.262874496947,3126.091336067845,3190.262874496947,3651133
2022-03-16,3187.559814453125,3198.109825687102,3152.9892740297114,3174.1327209416286,3090475
2022-03-17,3202.2509765625,3234.7290512686336,3191.3959310793352,3223.0457484666144,3600452
2022-03-21,3162.100830078125,3238.1736514139975,3151.8997034863028,3222.523182319606,2413831
2022-03-22,3226.8388671875,3235.6014520923454,3160.6185027848965,3173.6969241757306,2907611
2022-03-23,3236.82177734375,3251.9928727405686,3217.291421341195,3232.9855258355424,1596195
2022-03-24,3269.474609375,3276.7548028095052,3221.6510972508927,3226.010570995481,1879046
2022-03-25,3232.506103515625,3295.3261619554955,3201.5974776294693,3278.2369399463614,1690133
2022-03-28,3232.72412109375,3237.3452058404378,3192.181015230141,3221.651100344847,1760990
2022-03-29,3230.67529296875,3245.1922553919017,3218.163518176117,3221.433123484478,2689063
2022-03-30,3253.5185546875,3259.1422326604416,3231.4159399540727,3259.1422326604416,1583455
2022-03-31,3260.843017578125,3273.6598289695526,3243.623094734776,3260.8866548924902,2168110
2022-04-01,3277.234130859375,3280.9396832520993,3250.4670067366783,3267.861263042484,1387014
2022-04-04,3287.347900390625,3295.761598160607,3258.357404851249,3280.067495312223,1472994
2022-04-05,3326.103759765625,3344.2392110933524,3288.7866261011463,3288.7866261011463,2314947
2022-04-06,3274.270263671875,3321.3089461528684,3253.1702389534807,3321.3089461528684,2051729
2022-04-07,3212.19140625,3265.6822417718217,3207.701232806977,3265.6822417718217,2494829
2022-04-08,3213.498779296875,3230.370027745647,3175.8766062249715,3217.291606580685,2296773
2022-04-11,3222.871826171875,3236.778718405586,3187.734636322579,3217.2917846452956,2291660
2022-04-12,3218.25048828125,3260.014157655668,3180.9769912928095,3211.1880563374766,4483476
2022-04-13,3192.83447265625,3234.598352823879,3187.254432214075,3232.1133680019534,1621672
2022-04-18,3076.087646484375,3147.53936313832,3071.2485891010338,3147.53936313832,3820792
2022-04-19,3027.130859375,3107.040129369162,2998.5763104441376,3095.225914643108,3170014
2022-04-20,3101.1552734375,3111.9230458257116,3034.1937144086005,3051.631609318995,2640370
2022-04-21,3163.800537109375,3177.184205558116,3110.3969880999252,3121.3829461849764,2280996
2022-04-22,3149.763427734375,3153.64331680634,3113.9721056051544,3122.342380367201,1581465
2022-04-25,3093.6572265625,3124.8711043857725,3080.491742206631,3102.201838561545,1960694
2022-04-26,3092.000244140625,3128.270936257901,3067.4562804026878,3117.1542787359804,1943469
2022-04-27,3104.991455078125,3111.3126918404437,3057.124519775637,3091.7386978183854,1727648
2022-04-28,3125.132568359375,3142.6575260875848,3084.8074339349073,3128.358536540344,1703660
2022-04-29,3092.348876953125,3159.092458531303,3083.7608419130784,3136.2052227522518,2051115
2022-05-02,3088.599609375,3093.4386673907866,3045.3101239380358,3068.9819792014673,1324161
2022-05-04,3033.9755859375,3091.259025222723,3021.376750080482,3085.199399623491,2305825
2022-05-05,3063.31494140625,3080.4041637186206,3038.8584638656703,3062.18164851879,1612262
2022-05-06,2992.865966796875,3029.398271221834,2985.803534263684,3015.8839027648073,2010812
2022-05-09,3003.76513671875,3013.2687057662993,2918.101464744925,2962.698802718138,2481830
2022-05-10,2998.22802734375,3020.9409278192593,2983.6237904966374,2994.08652734233,1622685
2022-05-11,2974.904541015625,3006.6850583840333,2948.8784006090195,2994.958117933374,1841769
2022-05-12,2971.984130859375,3007.7754550444442,2920.934860508519,2945.2606403315326,2807195
2022-05-13,2977.43310546875,2999.2304728192926,2948.878554239539,2994.958273964552,2187823
2022-05-16,2944.214111328125,2990.5988675166236,2935.32082782278,2977.520446813198,1195813
2022-05-17,3009.431396484375,3022.858487776771,2921.1954953118748,2938.2847141066395,1754076
2022-05-18,3006.990234375,3047.2717235989503,3001.9768402660748,3021.114884769775,1866781
2022-05-19,2844.07666015625,2968.8012301822614,2816.2196691596782,2961.8260731069436,4642963
2022-05-20,2871.149658203125,2889.372174896334,2851.139714546002,2885.971870225431,3065125
2022-05-23,2896.21630859375,2911.1692180116047,2848.4800723039907,2881.437735548261,2293690
2022-05-24,2866.789794921875,2898.9192000018056,2855.9783857074317,2890.4616510569685,1711510
2022-05-25,2780.46142578125,2890.358139211959,2768.5239108215023,2890.358139211959,3548046
2022-05-26,2832.5126953125,2845.284259373515,2791.7843560328024,2800.956986475671,2813186
2022-05-27,2862.66455078125,2878.113137542295,2834.488114923966,2855.554544933507,3103153
2022-05-30,2962.685791015625,2972.648541346063,2884.6523186812783,2894.0004601077003,2094624
2022-05-31,2953.1181640625,2969.83946910257,2918.5779156420817,2944.1647611228614,4840965
2022-06-01,2945.086669921875,2973.8774984812158,2931.7885726124696,2973.8774984812158,1493835
2022-06-02,3004.599365234375,3012.499275922984,2937.274613670097,2944.911151142661,2657939
2022-06-03,3019.653564453125,3052.262774934061,3011.7975835438565,3036.5505988166915,1913622
2022-06-06,3011.577880859375,3030.9327068602524,2964.3539226711787,3000.210828858483,1084210
2022-06-07,2951.669921875,3000.9567154912565,2945.7889201087964,2985.3324048192408,2308256
2022-06-08,2988.05322265625,2996.655390105723,2937.4499938250347,2966.986795089598,2185707
2022-06-09,3008.1982421875,3016.888058060886,2943.243422200155,2971.244130502211,1279197
2022-06-10,2949.212158203125,2978.2663601980794,2942.2778778025236,2968.610913701711,1527582
2022-06-13,2826.061279296875,2890.4893497484964,2802.229755076651,2887.8560463627555,3030921
2022-06-14,2818.117919921875,2843.0025125943066,2786.649853360226,2800.07974578441,2611493
2022-06-15,2814.386474609375,2838.7005957890065,2809.7342631789143,2825.0951971388117,1404536
2022-06-16,2757.9462890625,2848.224788477131,2750.0903105068783,2843.9675291414705,2032028
2022-06-17,2711.337158203125,2737.5386155213027,2654.2385282186283,2714.058324390178,5240434
2022-06-20,2731.96484375,2755.0941146293767,2693.869800970946,2715.813999414828,1502769
2022-06-21,2819.346435546875,2841.9928891984864,2743.375584391192,2747.4134022673966,2964461
2022-06-22,2829.002197265625,2853.228678625004,2793.935410204661,2808.769602974753,3336315
2022-06-23,2904.3583984375,2912.433820057707,2829.0019403695915,2829.0019403695915,3692578
2022-06-24,2890.577392578125,2936.1334582739805,2876.8841283984966,2930.8668511739374,2132118
2022-06-27,2909.537109375,2951.845477755388,2902.3394557167258,2940.5223579770245,2037686
2022-06-28,2912.565185546875,2922.966819859582,2872.5830330686026,2902.778160142834,1400046
2022-06-29,2888.29541015625,2925.60054765257,2871.1789353049976,2871.1789353049976,2133994
2022-06-30,2867.755126953125,2906.2011833020665,2857.1340513652553,2872.0561032464257,2719603
2022-07-01,2909.887939453125,2925.599896381452,2854.54464022768,2861.5228509461544,1502879
2022-07-04,2839.622802734375,2912.3896686210524,2830.8451246154136,2907.166993000027,2622535
2022-07-05,2823.164794921875,2872.0564215860604,2814.9575797580337,2857.134368050925,2170627
2022-07-06,2862.181396484375,2868.9840970357063,2810.8319794194863,2825.095706381955,2182144
2022-07-07,2885.968994140625,2913.6623972444418,2865.955845113616,2871.1785207492608,1989921
2022-07-08,2866.306884765625,2901.022644904037,2852.745414807298,2896.6338058043334,2136916
2022-07-11,2733.19384765625,2830.80159948252,2726.34721488146,2814.2555881350117,6974600
2022-07-12,2707.650146484375,2752.855185791673,2703.7441228408766,2734.1586897815223,3734815
2022-07-13,2667.31689453125,2729.8578501002676,2664.0252652907757,2724.591243315508,3863530
2022-07-14,2639.154296875,2690.419236530846,2611.21160444456,2689.539151729887,4764908
2022-07-15,2635.501708984375,2665.688442078549,2598.8900997906226,2656.579694419883,4574806
2022-07-18,2696.1396484375,2707.9767454259254,2652.8395214403786,2660.496215840236,3202795
2022-07-19,2705.600830078125,2709.7371858696033,2666.701122969062,2666.701122969062,1865074
2022-07-20,2785.2919921875,2791.584511599696,2726.5463407687453,2735.127166256878,3402251
2022-07-21,2796.2939453125,2802.190471485001,2767.031120822275,2787.2290273847357,2420640
2022-07-22,2790.7490234375,2813.6312292430425,2766.5466903739457,2803.070211178946,2075886
2022-07-25,2787.0087890625,2804.3464181965073,2771.475376902359,2785.468640525085,1797504
2022-07-26,2742.256103515625,2788.9005972546584,2725.1825445833438,2785.204284119927,2639367
2022-07-27,2806.4580078125,2811.0784522014806,2737.0632475674747,2741.4636707950754,1389808
2022-07-28,2869.517333984375,2872.597631689925,2817.7242423323946,2830.3535488709554,2106333
2022-07-29,2905.9521484375,2919.5055843641176,2882.277951362933,2895.4792244226105,2430257
2022-08-01,2903.223876953125,2928.0422261586746,2878.7574757334005,2928.0422261586746,1306913
2022-08-02,2897.0634765625,2915.6331387759437,2879.3296371550764,2895.4792807916037,1269114
2022-08-03,2939.043212890625,2947.4040185568806,2884.0819596679717,2886.678166875655,2895824
2022-08-04,2952.640380859375,2981.6391313007757,2910.7484743753057,2948.284004184291,2150567
2022-08-05,2961.52978515625,2972.0467569139196,2952.684888790702,2958.141372288894,1106933
2022-08-08,2969.802734375,2973.719069584974,2935.963509677901,2961.4859742404487,1068836
2022-08-10,2952.024658203125,2979.0872677998295,2935.0830245531556,2979.0872677998295,1878359
2022-08-11,3012.09033203125,3017.5468150068145,2970.3303498018386,2992.2884233473337,1449248
2022-08-12,2993.65234375,3009.0097797642084,2975.7865802362476,3009.0097797642084,1472354
2022-08-16,2985.863525390625,3005.3575317636055,2981.2871276067444,3001.969119488297,839942
2022-08-17,2993.256591796875,3008.0858922168222,2966.854046980335,2979.1752345613872,1622326
2022-08-18,2975.786865234375,2985.247777264325,2958.8452320644637,2983.4876075843345,1430659
2022-08-19,2979.74755859375,3011.2105949135394,2966.98632707943,2980.8476647587777,1398410
2022-08-22,2952.28857421875,2978.295123607797,2945.995838840667,2961.4854176096087,1536532
2022-08-23,2890.7265625,2941.155248644901,2877.877238729922,2921.8374306422184,1849256
2022-08-24,2864.98388671875,2911.320261402616,2860.4513214801914,2897.2389058456506,1691923
2022-08-25,2832.2890625,2885.0501070521514,2829.252812696223,2883.158010542912,1946930
2022-08-26,2835.809326171875,2866.4363215518924,2831.05695398552,2846.4584386730107,1457962
2022-08-29,2756.90966796875,2765.842442693576,2711.5412538067208,2750.264984792601,2539173
2022-08-30,2826.08447265625,2839.5938614918264,2765.314783665754,2776.6677926566595,3431525
2022-09-01,2756.16162109375,2807.4706096920486,2746.7447563789606,2807.4706096920486,3546935
2022-09-02,2755.017333984375,2783.708184014529,2746.1286065456165,2783.708184014529,2052900
2022-09-05,2757.65771484375,2770.462992067452,2739.0440066723772,2749.076887768465,2147912
2022-09-06,2752.0693359375,2764.214549676102,2733.8516227618284,2759.506009846509,1936453
2022-09-07,2771.9150390625,2782.73990969169,2730.022918646201,2730.022918646201,1291534
2022-09-08,2789.560546875,2801.7498066300514,2781.1559093890387,2789.868662483827,1346113
2022-09-09,2831.804443359375,2845.7538717723155,2788.548366386449,2811.8706108899173,1561185
2022-09-12,2854.07080078125,2877.7011622955056,2838.273322470928,2851.386499317343,1785928
2022-09-13,2842.10205078125,2872.1128147669933,2838.273595799271,2872.1128147669933,1972678
2022-09-14,2746.216552734375,2764.698333727928,2740.408121912217,2759.065876894723,5090269
2022-09-15,2732.09130859375,2761.4860546857367,2728.2628538047275,2754.6653975512245,2138023
2022-09-16,2647.9111328125,2723.2905259336594,2640.2544379154365,2707.140883675961,5322221
2022-09-19,2665.6005859375,2677.2176610203237,2629.5171131887055,2671.937152813183,2072220
2022-09-20,2675.72216796875,2710.617448353941,2666.6572505139093,2684.2589485371036,1544295
2022-09-21,2641.310302734375,2676.6896666312164,2638.626001280077,2664.8966169537493,2253818
2022-09-22,2646.767333984375,2666.6132921396306,2622.0370763565347,2631.4539421397903,2017983
2022-09-23,2624.456787109375,2660.0561724828663,2621.7724856332366,2643.774604512334,2652374
2022-09-26,2635.326171875,2663.00501422092,2575.2165443379304,2604.9194100878144,2925489
2022-09-27,2655.6123046875,2662.256989071138,2619.1328262729608,2648.52757782633,2227447
2022-09-28,2671.629638671875,2684.2148957050317,2622.6529999705645,2622.6529999705645,2739767
2022-09-29,2637.87890625,2689.407927785233,2631.454242551137,2687.779684532165,2493902
2022-09-30,2644.2587890625,2657.5919876362846,2596.338215395767,2632.2016704566418,2817353
2022-10-03,2627.009033203125,2658.4720642332236,2617.372147790572,2635.8539282558045,1763331
2022-10-04,2720.47412109375,2726.502788091317,2660.496426210475,2666.612972771875,2145875
2022-10-06,2729.97900390625,2749.3849167299395,2721.6181983015977,2737.943814323573,1790816
2022-10-07,2697.3720703125,2732.663560045022,2691.387665003336,2725.9748289925205,1939879
2022-10-10,2744.589111328125,2752.0257865824783,2644.655416910888,2649.0558418974288,3064063
2022-10-11,2701.465087890625,2767.867461441005,2687.2077531607156,2728.263634488749,4730645
2022-10-12,2728.92333984375,2736.9760309872313,2694.8640961111873,2714.97390779249,1665247
2022-10-13,2731.16748046875,2737.064006255312,2686.3271983230893,2728.9232210277037,2054781
2022-10-14,2727.51513671875,2772.2675415495582,2702.7408317773634,2767.867116880432,2245977
2022-10-17,2745.69140625,2760.3826551550005,2710.132155751458,2711.190947627584,1517005
2022-10-18,2774.765380859375,2784.1626709744187,2760.515312292103,2779.4419453117853,1793722
2022-10-19,2754.603759765625,2787.3834440777728,2745.91240201647,2787.3834440777728,1194289
2022-10-20,2785.883544921875,2788.2658809132267,2739.735936783408,2739.735936783408,1587601
2022-10-21,2768.323974609375,2788.6183117668575,2759.1474909324643,2786.324298557894,1021913
2022-10-24,2789.765625,2804.1481776168825,2783.853839012355,2797.177599655719,260949
2022-10-25,2790.118896484375,2809.663142136303,2780.45685356415,2806.3542823473385,2069643
2022-10-27,2785.971435546875,2800.618740078452,2765.6331510594896,2788.8832750526153,2438421
2022-10-28,2791.133056640625,2804.58908417995,2775.0299417165147,2779.4417540244904,1355739
2022-10-31,2817.515869140625,2822.677776187459,2803.9717333524763,2822.677776187459,1919414
2022-11-01,2876.237060546875,2878.7960411046947,2826.604168845417,2836.3543177659885,2991060
2022-11-02,2860.354736328125,2885.325640459638,2843.0163977761526,2885.325640459638,1405955
2022-11-03,2829.515869140625,2848.3102329584,2819.1481100504548,2848.3102329584,1422652
2022-11-04,2838.91357421875,2841.251964551478,2793.6924872868076,2838.5607153182427,1464013
2022-11-07,2853.295654296875,2861.325239443402,2819.2365900807545,2849.148593513063,1474498
2022-11-09,2837.722412109375,2867.5021512162307,2825.01626083811,2867.5021512162307,1162267
2022-11-10,2828.545654296875,2845.61945720835,2797.0895129768896,2797.0895129768896,1573092
2022-11-11,2925.8701171875,2948.502846331555,2872.1343229110385,2884.972741372326,3265394
2022-11-14,2943.12060546875,2955.0325011886807,2919.7379953518493,2932.973435040661,1342074
2022-11-15,2940.56103515625,2947.0462695764713,2904.7370353683755,2930.3255450967117,1400708
2022-11-16,2960.63525390625,2971.7087315184385,2930.723034354456,2946.120217692935,1748235
2022-11-17,2955.0322265625,2964.7382147656017,2927.4583964400517,2947.090963487235,1417986
2022-11-18,2950.135009765625,2967.164649978448,2930.3260137026023,2955.9145275229503,1164540
2022-11-21,2897.2373046875,2941.531859652826,2887.9724983225788,2931.6494426143504,1304194
2022-11-22,2924.98779296875,2928.517243290538,2872.310790000173,2894.1492638662367,1149739
2022-11-23,2919.1201171875,2938.2673417659494,2903.855201727249,2938.2673417659494,1150011
2022-11-24,2982.517333984375,2993.811616370863,2919.1197215276015,2926.134459885213,1296591
2022-11-25,2990.900390625,3002.9889309440055,2954.1500734010056,2985.0327653272407,1588981
2022-11-28,2995.8408203125,3015.032201754749,2969.634701151321,2970.031721131544,2195437
2022-11-29,2997.6943359375,3025.6210229911208,2985.0323478503824,2985.0323478503824,1576028
2022-11-30,2991.915283203125,3013.1800935776782,2977.9739104051155,2985.0328115260754,3410702
2022-12-01,3066.783447265625,3070.6218106972183,3017.6800553403696,3022.0918682867737,2180856
2022-12-02,3034.5771484375,3060.827434912216,3011.503453385087,3051.298091486406,2411749
2022-12-05,3022.885986328125,3034.5772909373013,3006.2094191292977,3029.1508470416434,1475065
2022-12-06,2987.106201171875,3007.047465925803,2971.797124472303,3000.0768878174986,1166999
2022-12-07,2982.91455078125,2994.4733694927418,2959.4436237094437,2972.061449685332,1167505
2022-12-08,2956.400146484375,2982.915186541277,2946.605835144837,2964.7384302352993,1285619
2022-12-09,2905.399169921875,2977.1794466521255,2890.928510850785,2977.1794466521255,1797896
2022-12-12,2899.840087890625,2908.266692538365,2855.4132669095334,2872.531012608813,1527610
2022-12-13,2940.120849609375,2943.9589981160875,2883.3848847074064,2891.6790079495595,1378016
2022-12-14,2969.458740234375,2979.7381772420185,2947.8848046662138,2954.8555977030205,1213311
2022-12-15,2916.296630859375,2968.9294722548675,2910.869971774407,2963.6794580212227,1415694
2022-12-16,2859.075439453125,2904.7377043992556,2845.7958391238103,2889.7375400691258,2703680
2022-12-19,2825.368896484375,2863.7075041646976,2818.7070165010405,2847.383797855332,2120965
2022-12-20,2862.33984375,2866.7958175446647,2791.4860905554474,2822.5893692776544,1529971
2022-12-21,2884.0458984375,2896.8401542703996,2858.854406799651,2866.7956690407614,1432566
2022-12-22,2876.237060546875,2906.502138037383,2863.3546970197967,2906.502138037383,1384101
2022-12-23,2848.574951171875,2882.545906087743,2838.5600510219747,2838.5600510219747,1360281
2022-12-26,2870.23681640625,2887.090025891861,2845.6631506643457,2848.574989923709,870157
2022-12-27,2876.060546875,2888.6783736131365,2851.354397062912,2884.6194199757956,835883
2022-12-28,2873.943359375,2881.8846229096966,2846.5017958813237,2867.5020692016337,910795
2022-12-29,2884.22265625,2886.6491533221797,2848.2663814531547,2851.00179159365,1037927
2022-12-30,2873.590087890625,2910.9140670266365,2864.3252810692306,2899.487515031026,1163131
2023-01-02,2877.781005859375,2882.5458924019413,2854.61899125398,2877.3839858359584,709547
2023-01-03,2921.81103515625,2929.4433843116235,2863.5309512487165,2869.442736681144,1245178
2023-01-04,2924.72265625,2935.9288318835124,2899.6194872236865,2917.707917742617,1231668
2023-01-05,2921.590576171875,2944.70843071638,2895.869579901462,2938.443570763314,1826057
2023-01-06,2833.75146484375,2913.1640936237372,2823.560134399543,2911.7963885995287,2488376
2023-01-09,2929.399169921875,2935.619868272381,2842.221716863226,2849.1483482571443,2885060
2023-01-10,2899.79638671875,2910.031879132558,2850.119544259817,2898.5611652366442,3864655
2023-01-11,2937.1201171875,2955.473300937228,2886.3401103867363,2903.061052704587,2720512
2023-01-12,2942.105224609375,2955.914110329725,2925.516768010586,2937.3844994888523,2250391
2023-01-13,2977.57666015625,2981.5031305171833,2916.208300195114,2949.6497555026567,1742837
2023-01-16,3008.709716796875,3025.8105105428135,2976.2226370534986,2993.323430799437,1843607
2023-01-17,3048.73193359375,3051.800290054043,2996.9331766913624,3005.0549468178974,1688475
2023-01-18,3059.200439453125,3076.3012356043387,3043.1825020489086,3050.1762493662427,2421189
2023-01-19,3043.949462890625,3056.4929982286035,3033.030105416692,3050.1760655484736,1585044
2023-01-20,3034.92529296875,3063.3964349074176,3028.157150767711,3036.6398008661617,1529349
2023-01-23,3081.67041015625,3085.370416009231,3028.1571422247093,3057.3954283238595,1067916
2023-01-24,3100.982421875,3115.1051909529156,3083.8364610513177,3090.7850432164355,1387863
2023-01-25,3095.071533203125,3099.80923290407,3072.736663184384,3091.055812758132,874110
2023-01-27,3078.196533203125,3109.736034820771,3052.2519856113963,3091.687653887394,1785879
2023-01-30,3098.591064453125,3120.971100823279,3055.1848405969054,3086.27313262084,1953798
2023-01-31,3030.954345703125,3112.4428172521584,3024.005764167,3112.4428172521584,2820375
2023-02-01,3075.760009765625,3085.3706843730665,3027.6158660636556,3034.835218352332,2205161
2023-02-02,3122.72998046875,3130.490870407494,3086.362678464304,3092.5892801632986,1813847
2023-02-03,3142.493408203125,3162.0758544483574,3115.9621601108056,3162.0758544483574,1804469
2023-02-06,3122.323974609375,3134.2358590554663,3101.4782319079895,3134.2358590554663,1138714
2023-02-07,3133.6953125,3152.1497379876287,3123.6332079139006,3130.401350781037,1455647
2023-02-08,3176.605224609375,3194.4729446376878,3138.658461421749,3138.658461421749,1986946
2023-02-09,3195.33056640625,3201.421894965321,3163.249525265047,3172.0029459457633,1655427
2023-02-10,3192.35205078125,3196.6837056013396,3165.820802706398,3176.514554888765,1187821
2023-02-13,3142.583984375,3202.6851807113194,3134.462212995343,3202.6851807113194,1087939
2023-02-14,3158.556884765625,3180.8917554026953,3153.954459659008,3162.9786498154,1579818
2023-02-15,3177.1015625,3181.929592578164,3122.505209592746,3146.7352493817516,1429449
2023-02-16,3210.85205078125,3226.148009166878,3182.8318960368056,3183.0123357780853,1618931
2023-02-17,3159.504638671875,3193.5709607193885,3149.4427535317286,3182.0651168490363,1061369
2023-02-20,3147.005859375,3178.319754975871,3135.951226496393,3160.2713747659004,1296082
2023-02-21,3114.247802734375,3166.497771917962,3108.6076842854936,3153.0518176626792,1139541
2023-02-22,3069.623046875,3110.6379417299486,3063.7121590290617,3081.7153719826138,1218430
2023-02-23,3080.67822265625,3115.5114660865815,3075.444148059151,3087.175595807029,1441570
2023-02-24,3068.630615234375,3098.861651446193,3052.2517986673643,3088.5289980581183,977592
2023-02-27,3006.724853515625,3059.2004305919913,2992.4214241424907,3059.2004305919913,1128022
2023-02-28,2989.578857421875,3061.0052327901076,2977.892355176233,3003.701626574845,4116217
2023-03-01,3055.31982421875,3058.297850845702,2991.5188479060203,2998.738199575175,1669307
2023-03-02,2997.33935546875,3041.0615092127086,2994.22605417747,3033.0300687433623,1556538
2023-03-03,3016.01904296875,3030.322469733253,3006.047491023933,3026.7127943672813,1043190
2023-03-06,3042.8212890625,3072.691222785889,3031.2251179450036,3033.8420446565137,1334132
2023-03-08,3059.56103515625,3064.6146692630373,3005.8221644268447,3035.7372636633854,1844590
2023-03-09,3011.236572265625,3054.6879538516177,3005.8220589057696,3054.6879538516177,1648500
2023-03-10,3005.957275390625,3011.597393364564,2968.958101481584,2989.623405611254,1024404
2023-03-13,2961.694091796875,3040.97169171865,2952.7150665107374,3007.762627347276,1901233
2023-03-14,2901.23193359375,2981.9532694589166,2896.2234640568317,2959.9343338825,2670334
2023-03-15,2886.748291015625,2942.2021194305016,2880.5216875247183,2932.8619938769843,1780522
2023-03-16,2874.2041015625,2905.608322308614,2862.47265625,2894.9597355769233,1901060
2023-03-17,2869.060302734375,2907.0520042465155,2837.204873167515,2843.0705957106416,6739966
2023-03-20,2836.573486328125,2860.3520931076205,2793.031772654829,2860.3520931076205,2289468
2023-03-21,2803.00390625,2848.7113431184507,2795.1978492579433,2836.573850929424,1815297
2023-03-22,2825.293701171875,2836.7543794303024,2803.0039939479107,2824.6168868615287,1123939
2023-03-23,2819.743896484375,2839.326568206747,2798.401771807873,2810.9453098106806,1372218
2023-03-24,2815.99853515625,2860.668276380488,2802.9134594440998,2841.6271470449155,1329577
2023-03-27,2817.622802734375,2845.1014163917093,2802.9133294148437,2829.083479625092,1524217
2023-03-28,2811.84716796875,2842.2136983642395,2806.6582589143677,2821.864106617975,1303530
2023-03-29,2832.602783203125,2842.6197217781473,2801.1987796733742,2823.6689236329594,1740616
2023-03-31,2893.064697265625,2899.47195965751,2844.4244061128143,2878.6711597054764,2382581
2023-04-03,2887.740478515625,2910.2557859956287,2864.0519824028015,2910.2557859956287,1521830
2023-04-05,2923.656982421875,2945.8114118907883,2874.6555889687143,2874.6555889687143,2655065
2023-04-06,2906.420654296875,2939.4944408464216,2901.276910369909,2910.301099826736,1703464
2023-04-10,2944.953857421875,2952.7147483714607,2901.276869197508,2905.78896386189,2203187
2023-04-11,2900.193603515625,2953.571587777113,2880.6561041705563,2945.4949835248,2348779
2023-04-12,2925.325927734375,2942.7426553096243,2886.8378525565763,2912.9628337609006,2417727
2023-04-13,2877.6787109375,2914.8131620108825,2869.6922152305283,2896.7647832987404,4174070
2023-04-17,2833.14453125,2854.7122578378658,2770.6520137188445,2828.2715566379666,5505048
2023-04-18,2825.248291015625,2848.801515098883,2807.064636248936,2847.086786804494,2617302
2023-04-19,2788.114013671875,2833.59584613262,2771.7801405720834,2825.248469834299,3298034
2023-04-20,2801.83056640625,2809.230358172251,2777.6456930466393,2788.4747210897062,2419999
2023-04-21,2852.410888671875,2855.659464544931,2798.2205892743714,2806.5227991505576,1929184
2023-04-24,2865.0,2870.5497889454005,2821.097181701511,2843.612712906917,1640676
2023-04-25,2866.08251953125,2879.799243193542,2840.363580045532,2872.399452036514,2024090
2023-04-26,2886.0712890625,2895.3210839802464,2870.5948910586885,2870.5948910586885,2000029
2023-04-27,2876.86669921875,2887.0189132942296,2861.2548059548058,2874.204607146831,2434446
2023-04-28,2905.112060546875,2912.3314117884297,2884.356425727405,2888.1013760571154,2931312
2023-05-02,2905.247802734375,2919.325628047492,2896.765151787465,2919.325628047492,2321159
2023-05-03,2869.602294921875,2902.1797112754293,2863.5109662368286,2902.1797112754293,2468285
2023-05-04,2906.420654296875,2909.804725343185,2867.8874093796485,2869.827521986016,1953253
2023-05-05,2915.44482421875,2927.447040179334,2896.809961242115,2905.788985628069,1710027
2023-05-08,2933.40283203125,2937.2381121830967,2915.9861039841476,2928.349198292563,928235
2023-05-09,2962.866943359375,2976.177622538405,2929.2518383140277,2935.2078913616624,1107375
2023-05-10,2966.0712890625,2983.8489021508485,2947.346091808718,2968.958986262299,1559987
2023-05-11,2961.875,2986.736692275095,2952.715533522577,2986.1050429175452,1719623
2023-05-12,2954.79052734375,2968.9584613481547,2941.8858917917887,2959.1671272317485,1027479
2023-05-15,2937.4189453125,2970.7632825646147,2931.372782209103,2963.5439307236315,1150390
2023-05-16,2940.216552734375,2964.446592461722,2933.2679700818376,2938.456879642463,986306
2023-05-17,2895.591064453125,2959.933566844596,2886.160832366076,2938.230351353554,1588815
2023-05-18,2887.60546875,2913.865728945654,2883.228648558824,2911.1584719986504,1369364
2023-05-19,2908.36083984375,2918.873931901369,2890.492901561237,2896.7646688524947,1152449
2023-05-22,2976.809326171875,2985.6079108748772,2903.126907529479,2914.813188789529,1333243
2023-05-23,2975.32080078125,3003.205461561012,2969.049032388337,2983.397407291097,1687418
2023-05-24,2981.005859375,2993.5042301988665,2956.324611866416,2956.324611866416,1016555
2023-05-25,2972.1171875,2983.3974258008197,2948.2934123355303,2972.568397032033,1374917
2023-05-26,3004.062255859375,3012.8608403328844,2969.8606669045807,2972.1167142054805,1791115
2023-05-29,2996.34716796875,3042.95702357488,2988.811880806644,3032.8499743215725,1210372
2023-05-30,2992.6015625,3002.302565838326,2979.200773799653,2991.5187038651916,1344224
2023-05-31,2968.5068359375,3002.979192279251,2946.5328485995083,2986.1040036835957,5815424
2023-06-01,2999.640380859375,3014.079083053644,2975.7262803501167,2990.616191987957,1177314
2023-06-02,2983.0361328125,3010.379250409834,2975.681286269555,3001.670995775546,2030661
2023-06-05,2967.9658203125,3002.3480730267693,2964.491639283323,2991.5190448102617,1861468
2023-06-06,2916.888671875,2967.920505036819,2906.3304147456515,2959.9340095974917,2022849
2023-06-07,2955.331298828125,2958.8960294127637,2924.739389025935,2935.56841484152,1567196
2023-06-08,2920.634033203125,2950.910235802077,2917.520731604928,2942.788464510879,1759366
2023-06-09,2896.13330078125,2932.8617095107734,2892.5687898438873,2928.3496145730646,1775689
2023-06-12,2930.0634765625,2936.831617476963,2897.666730178772,2901.276405333152,2324605
2023-06-13,2927.176513671875,2946.398082746791,2922.9351883665713,2941.885987673672,1371928
2023-06-14,2933.809326171875,2938.140981423725,2911.068411496085,2927.176458412748,1658544
2023-06-15,2924.035888671875,2952.3552093195044,2918.3083232724543,2950.4006679163926,2273810
2023-06-16,2886.397705078125,2908.6713974620043,2869.2152311642453,2906.4895735209416,4156189
2023-06-19,2918.672119140625,2922.7632059010452,2886.4889920742507,2900.1259479423184,1468186
2023-06-20,2934.400634765625,2938.7645058011103,2910.1723943662814,2921.945590609364,1528452
2023-06-21,2962.128173828125,2965.0373462739954,2930.990462369648,2954.6733500744476,1645987
2023-06-22,2944.21826171875,2970.719319247787,2936.5816565382274,2963.764561742512,1529603
2023-06-23,2924.08154296875,2954.1281240159633,2917.535626765662,2943.1277797551047,1119505
2023-06-26,2899.807861328125,2921.8542748186887,2884.670928064297,2913.7631025673095,1978803
2023-06-27,2906.807861328125,2917.989986483776,2893.1254058850895,2911.035228452272,863542
2023-06-28,2923.26318359375,2937.354704231224,2903.2168146828576,2916.4902067752564,1575872
2023-06-30,3002.17578125,3009.2215416572035,2922.036027465169,2927.3998078961313,2672406
2023-07-03,2974.947509765625,3017.2220741820643,2971.720052392161,3013.130987303054,1687264
2023-07-04,3008.17626953125,3013.767332814385,2979.493160479394,2991.0390723859205,1656681
2023-07-05,3018.26708984375,3026.4947634355667,3004.6756362735196,3018.312590749799,1453008
2023-07-06,3020.94921875,3025.9949366964006,3001.9484827926003,3006.0850703686824,1848238
2023-07-07,3026.72216796875,3051.8595329506525,3001.9483663386086,3001.9483663386086,1789326
2023-07-10,2974.629150390625,3022.6312796193856,2968.4925202267236,3022.6312796193856,1407431
2023-07-11,2975.0380859375,2995.58452074979,2964.4923069892843,2995.58452074979,1110172
2023-07-12,2963.673828125,2990.2658898660156,2954.7645285933795,2982.811065666501,1515240
2023-07-13,3036.995849609375,3061.4513705800982,2975.356759075,2985.584476908502,4585146
2023-07-14,3195.274658203125,3204.547964647963,3047.4047065554155,3059.223400226424,6306101
2023-07-17,3174.41015625,3227.321494187628,3161.091486422009,3191.0472847754263,2743228
2023-07-18,3179.092529296875,3203.775329331685,3150.136639084645,3160.137072859517,2600090
2023-07-19,3154.727783203125,3197.2751275399046,3132.5448697161914,3181.9561925165294,2405370
2023-07-20,3156.778564453125,3170.997743413203,3131.9403423330245,3147.481366184457,1715404
2023-07-21,3070.186767578125,3130.8921637786366,3061.7554440058743,3102.772693816824,3770223
2023-07-24,3094.295654296875,3111.3405552900845,3073.6503948838067,3081.762606135278,1680132
2023-07-25,3098.306396484375,3105.279462829651,3081.0336204622276,3096.802519593953,1272980
2023-07-26,3088.416748046875,3118.0859374639376,3085.408771798231,3099.400300884362,1066803
2023-07-27,3096.25537109375,3109.699914070163,3085.454295510359,3094.4780014441108,1701769
2023-07-28,3058.42822265625,3093.338502704607,3036.1878482954903,3085.4085459262187,2599831
2023-07-31,3118.6328125,3123.3725393934046,3063.441776018759,3066.6320067687398,2743678
2023-08-01,3146.524658203125,3153.7709950290664,3112.753742203544,3112.753742203544,1956167
2023-08-02,3136.13330078125,3141.374393886134,3111.477553853232,3130.937826905583,1914899
2023-08-03,3099.03564453125,3129.3884555329005,3069.913440103345,3117.3111535491207,2026351
2023-08-04,3138.776611328125,3163.7970883064404,3100.2203533858487,3100.2203533858487,2248493
2023-08-07,3175.6923828125,3179.292741496562,3136.680374620139,3148.2563099923013,1853889
2023-08-08,3163.4326171875,3181.06990066204,3150.67169533121,3175.6921726071587,1634225
2023-08-09,3156.04931640625,3160.1510411495938,3121.913896104317,3158.2368139229097,1794589
2023-08-10,3137.455322265625,3158.237218937404,3126.4717689822373,3144.656039836463,1096701
2023-08-11,3143.56201171875,3159.8320536556635,3111.8419612799826,3133.8090658955844,1679974
2023-08-14,3144.51953125,3149.2136391229633,3109.1078793193715,3136.1792226802268,1190425
2023-08-16,3152.312744140625,3159.2401919127215,3131.1661145409134,3144.656278735975,1328445
2023-08-17,3131.66748046875,3154.5004640383327,3111.113233332602,3149.213751006194,1843241
2023-08-18,3069.093017578125,3108.196040036422,3059.431087502126,3108.196040036422,2526749
2023-08-21,3100.5849609375,3107.968154886351,3073.559239908139,3076.2937232176655,1375579
2023-08-22,3082.810791015625,3109.1074942796968,3067.224369814653,3099.081055570498,1222012
2023-08-23,3097.48583984375,3100.9039438382806,3077.205089476201,3088.143022258699,1330046
2023-08-24,3087.915283203125,3110.9761369975763,3079.1194508870794,3106.3730455778173,1152881
2023-08-25,3082.035888671875,3086.1376132448922,3053.7339446114943,3076.2934297630904,1158046
2023-08-28,3076.795166015625,3093.6121942799687,3062.712621128665,3093.6121942799687,1037485
2023-08-29,3077.342041015625,3089.556200731551,3067.178966440109,3081.8084975473785,944517
2023-08-30,3090.83251953125,3106.4647851889345,3083.6318013204886,3097.258600864217,1188200
2023-08-31,3059.704833984375,3114.941268101216,3047.7185475864435,3099.9928470608975,3417652
2023-09-01,3080.1220703125,3089.054760630272,3059.704683185733,3068.090387808054,1277950
2023-09-04,3115.943359375,3129.0233919911693,3071.7815037026157,3079.02783910158,1828332
2023-09-05,3125.83349609375,3141.9212836855104,3103.775152977507,3117.310934204945,1501842
2023-09-06,3126.335205078125,3139.096129337514,3097.3498551438,3130.0724219100894,1314818
2023-09-07,3149.441162109375,3153.770760697037,3119.407464834157,3127.1551675699734,1885092
2023-09-08,3137.2724609375,3158.3280704200915,3131.0288578677555,3149.4410000920693,1518917
2023-09-11,3172.593017578125,3177.1961089834826,3140.098329969077,3155.5937353709564,1783604
2023-09-12,3263.879150390625,3272.1736158051285,3174.7349547012377,3182.9384041965895,4476016
2023-09-13,3252.07568359375,3271.2170677568156,3231.247945622234,3255.0380406666054,1754929
2023-09-14,3244.965576171875,3279.2832501865755,3231.7945270329637,3254.0805198711637,2604721
2023-09-15,3279.83056640625,3288.0796357921176,3247.153400937542,3252.075604550965,2952897
2023-09-18,3286.98583984375,3298.9721261758623,3258.820748484001,3263.1959666407256,1395753
2023-09-20,3286.894775390625,3304.167551602088,3263.1502992373726,3263.1502992373726,1649396
2023-09-21,3267.981201171875,3285.937597907689,3215.752523000923,3270.943558229628,2004073
2023-09-22,3284.706787109375,3312.1428582437647,3249.52323591542,3266.796010717758,1989083
2023-09-25,3260.552490234375,3299.6101189147753,3243.6898418366063,3283.658965024994,1238778
2023-09-26,3268.345458984375,3276.7767822705646,3223.0442313478416,3251.847543695411,1726062
2023-09-27,3271.626953125,3294.1408207023737,3241.000651722388,3272.264954709884,1541134
2023-09-28,3223.72802734375,3283.9322808574702,3215.160068443675,3281.38005186612,1755753
2023-09-29,3216.2998046875,3252.6227295109343,3195.2898104993865,3224.138524411228,2243791
2023-10-03,3202.8544921875,3221.403268582757,3172.0915580533924,3221.403268582757,1948148
2023-10-04,3224.63916015625,3233.981977311674,3169.539370804724,3177.7428200143645,1788138
2023-10-05,3271.6728515625,3303.2560467713934,3236.8992030912727,3239.451432181438,2990768
2023-10-06,3300.88623046875,3313.2370259636054,3258.638592157678,3273.176885530309,2075691
2023-10-09,3316.3359375,3353.388098061812,3309.636364246382,3322.4429058385053,4233074
2023-10-10,3307.721923828125,3325.1315558006227,3282.610431250672,3317.885219860744,1848148
2023-10-11,3290.404052734375,3326.9550728215254,3285.9378184990683,3326.9550728215254,2426417
2023-10-12,3229.01416015625,3271.0339136477564,3224.95805504893,3258.592105530663,4241281
2023-10-13,3254.81005859375,3260.4156604701616,3213.0179488837907,3217.575421151711,2890357
2023-10-16,3212.15185546875,3258.27333816753,3207.640002736549,3250.389000692715,1671104
2023-10-17,3196.656982421875,3221.3583510243216,3193.2844971184086,3217.575737682961,1672065
2023-10-18,3178.60888671875,3210.9213191020513,3175.646529881174,3200.2568789933416,1408245
2023-10-19,3157.955810546875,3177.3296712861907,3154.5288620352453,3170.6127629599455,1514545
2023-10-20,3193.504638671875,3198.028165823499,3147.355068054905,3153.1578999999892,1481211
2023-10-23,3116.375244140625,3179.248365587948,3108.2877801873806,3173.810985687688,1106272
2023-10-25,3098.052978515625,3129.9463572629693,3086.2641415822154,3098.418430452583,1518537
2023-10-26,3049.298828125,3083.065649974906,3043.1303207181386,3077.9024700555783,1984471
2023-10-27,3062.275390625,3072.3735099895516,3049.5271870419792,3061.407274974717,1108851
2023-10-30,3087.497802734375,3091.427414880595,3046.5571476248833,3061.407257455826,910972
2023-10-31,3078.541748046875,3106.1857963966836,3061.452744597805,3106.1857963966836,999811
2023-11-01,3043.723876953125,3081.146329295186,3025.7667578631294,3065.9762828845664,1563475
2023-11-02,3070.63720703125,3085.121641576822,3055.1929592139313,3055.1929592139313,1245384
2023-11-03,3062.229736328125,3096.0422952066797,3056.1984407717223,3090.6506520884154,1402598
2023-11-06,3089.051513671875,3100.063486624272,3069.6321379850096,3084.2537855610026,1099852
2023-11-07,3080.095458984375,3110.892257060667,3076.028858205322,3086.9950929939328,1191144
2023-11-08,3090.239501953125,3108.8820129756928,3079.273266502525,3081.009497872084,992899
2023-11-09,3059.07666015625,3099.3319225842024,3054.1419440386553,3098.0526178451532,2112352
2023-11-10,3046.283203125,3059.0771449775716,3036.139568807074,3050.441278848814,1338557
2023-11-13,3044.546875,3066.8905352612105,3040.388799408238,3066.8905352612105,1030990
2023-11-15,3111.029541015625,3118.9800168000415,3066.936137613749,3091.6559037281313,2059802
2023-11-16,3196.5205078125,3225.3068746335257,3120.0765776114918,3134.5612355569488,3951984
2023-11-17,3200.724365234375,3220.8748683172735,3191.6773098626118,3196.5207753389523,2021292
2023-11-20,3216.396484375,3229.4644012541794,3190.4886676051424,3190.4886676051424,1475621
2023-11-21,3207.806396484375,3234.1711418231757,3199.398994448308,3216.396747586853,1807236
2023-11-22,3226.0380859375,3228.322718442621,3181.213774673943,3198.4855071691995,1798051
2023-11-23,3206.024658203125,3238.694901638103,3198.485371256592,3225.9009601530765,2729804
2023-11-24,3159.281005859375,3202.6432821116277,3155.5341196594813,3193.230552452981,1989733
2023-11-28,3171.207275390625,3181.3511341389953,3137.2577216514674,3159.2816708109854,1689195
2023-11-29,3211.050537109375,3214.9344118251956,3176.3698651510044,3181.121855475698,1441634
2023-11-30,3187.153564453125,3213.7008135539186,3181.1220458782195,3197.982587796699,3266235
2023-12-01,3209.1318359375,3213.975301516175,3189.3927447706055,3198.4855376057844,1172141
2023-12-04,3209.862548828125,3242.1673378334053,3196.657419148335,3239.288567355795,1625213
2023-12-05,3227.36328125,3233.21185109275,3201.0442707403495,3233.21185109275,1377656
2023-12-06,3293.6171875,3301.6134000384272,3221.4683255949626,3228.276707900282,1896572
2023-12-07,3303.48681640625,3317.788748405097,3282.2854733793333,3294.4397617823906,1967653
2023-12-08,3314.2705078125,3330.9940617152665,3291.74412143969,3320.027826121142,1641155
2023-12-11,3329.074951171875,3338.304955567598,3303.5785421234236,3310.797891464415,1102503
2023-12-12,3355.759521484375,3379.7936756866497,3318.2000758331174,3325.4651621953826,2236866
2023-12-13,3283.976318359375,3335.5632728478577,3256.058066070388,3329.6689659326335,3850968
2023-12-14,3351.3271484375,3361.15106740831,3315.0929691048923,3317.2861268874835,3290396
2023-12-15,3528.385986328125,3560.325100013102,3350.8243262846063,3350.8243262846063,8531230
2023-12-18,3526.740966796875,3590.5279420252045,3500.193496184867,3525.73586250062,2521612
2023-12-19,3487.445556640625,3522.9945699903956,3463.5026541544753,3513.7645660221524,2004435
2023-12-20,3454.40966796875,3562.9296988605265,3442.072653930527,3497.543479836221,2586083
2023-12-21,3461.218017578125,3478.763949441548,3420.871499435154,3432.660113142662,1517562
2023-12-22,3494.573974609375,3514.6330039266295,3437.915086945729,3472.6415019653828,2413058
2023-12-26,3468.57470703125,3503.712309330165,3463.639767096589,3490.7813789656334,1285231
2023-12-27,3482.8759765625,3489.2729465846164,3443.397577619161,3471.7270162885334,1293976
2023-12-28,3472.5498046875,3507.3676920200533,3465.4219300223085,3494.5737504650037,1682889
2023-12-29,3466.60986328125,3493.2945492321064,3441.0219794117156,3465.33055833123,1574996
2024-01-01,3482.784912109375,3501.884348671573,3447.9670270192705,3463.5025264784085,825907
2024-01-02,3457.2880859375,3482.7847145273954,3442.7121774818215,3482.7847145273954,1344068
2024-01-03,3373.716552734375,3446.9162616362587,3369.4214885871284,3442.483985684402,1803075
2024-01-04,3350.916015625,3398.6190946223346,3336.477094505551,3382.8551313574153,3598144
2024-01-05,3415.890869140625,3424.8924099852666,3358.2726188503784,3358.409607550091,1963127
2024-01-08,3361.425537109375,3417.5817593808756,3356.0336705400387,3415.891042086117,1067805
2024-01-09,3372.025390625,3429.0956770329003,3365.491432284206,3390.3481840668396,1370944
2024-01-10,3393.181884765625,3407.986258562806,3370.289822773917,3372.11752875156,1292227
2024-01-11,3413.7431640625,3447.966909732182,3387.6526197660214,3403.1881186966993,1777909
2024-01-12,3548.308349609375,3568.824304124089,3492.3805925763054,3516.5062216937445,6813450
2024-01-15,3567.4990234375,3623.4267767315314,3550.3185441619166,3618.85751219593,2801505
2024-01-16,3528.660400390625,3563.1126115927123,3523.405745987789,3563.1126115927123,1432672
2024-01-17,3549.95361328125,3573.119654011733,3484.1104570374932,3490.0047645318223,3458696
2024-01-18,3566.402587890625,3572.0684315207345,3529.300069127091,3562.1987751054894,2239110
2024-01-19,3628.47119140625,3647.3356893209884,3602.7050479129484,3630.265574324088,2941975
2024-01-23,3550.4365234375,3620.05103164089,3536.1731226435436,3588.855683640575,2618854
2024-01-24,3535.29931640625,3573.8103676439687,3501.9874154730123,3570.4516563375996,2657709
2024-01-25,3506.312255859375,3552.9673375818998,3477.2332310375527,3533.550617096936,2205154
2024-01-29,3497.754150390625,3515.2383200453005,3479.211818227295,3497.570151432114,1646747
2024-01-30,3497.340087890625,3540.820457055553,3484.871069366822,3503.6895122527035,1411621
2024-01-31,3511.51171875,3528.121726426989,3493.5674376687984,3507.140675922528,2459358
2024-02-01,3546.6640625,3593.3652043166217,3501.4814177274175,3515.238654965433,2363107
2024-02-02,3649.86669921875,3666.522537605696,3563.089954213246,3565.896668660393,2826510
2024-02-05,3656.30810546875,3701.1227492201515,3646.0016922235036,3665.2341894937504,1691523
2024-02-06,3806.02783203125,3818.818793148955,3671.675785736143,3678.1173222023467,4474396
2024-02-07,3757.6240234375,3823.511826118587,3748.927994541734,3821.671387213115,2124267
2024-02-08,3804.279296875,3826.272451742055,3760.062707616723,3763.697529491343,2345173
2024-02-09,3803.91162109375,3850.8886480018823,3772.9000434452996,3806.533887272955,2100596
2024-02-12,3791.9482421875,3827.7446868018023,3778.006558887105,3800.506102833991,1013716
2024-02-13,3818.450927734375,3837.3154280400877,3755.8759998910355,3796.3198278378054,1257415
2024-02-14,3772.9921875,3786.611256823303,3726.4289893837145,3779.3416123963243,1391283
2024-02-15,3775.844482421875,3815.505579737829,3757.255870513131,3798.6657441778602,1091582
2024-02-16,3798.942138671875,3817.024812052794,3772.99221729805,3785.0930143565315,1307556
2024-02-19,3776.396728515625,3798.942107006786,3731.49019516973,3794.110954472966,772291
2024-02-20,3709.08251953125,3771.059390745061,3690.0800773274027,3756.427991026826,1193648
2024-02-21,3673.055908203125,3739.1737650742916,3663.0256061355944,3692.8406262355356,1885939
2024-02-22,3761.029541015625,3768.253129931845,3654.1919577495937,3654.1919577495937,2982052
2024-02-23,3728.8212890625,3800.5062936958448,3723.5758585151752,3800.5062936958448,2538072
2024-02-26,3681.844482421875,3726.889184546952,3665.0044196924378,3714.0061108225923,1379284
2024-02-27,3776.948486328125,3794.984876771557,3679.9574496143205,3679.9574496143205,2960475
2024-02-28,3790.33837890625,3823.4200011181556,3762.777624498999,3768.8511632078385,1939225
2024-02-29,3768.39111328125,3807.9605533454464,3740.2783615123485,3771.97987960793,3772719
2024-03-01,3767.70068359375,3809.708612609149,3760.752981650241,3779.5255936695676,2043265
2024-03-04,3755.13916015625,3789.3712759875775,3750.722062221868,3777.5005359104257,1749271
2024-03-05,3692.012451171875,3739.7717495452293,3662.473317714078,3737.9313106921068,2070859
2024-03-06,3740.048095703125,3747.1337408010263,3642.642773405773,3675.4026769184316,1744204
2024-03-07,3780.814208984375,3794.985500474008,3715.57050678028,3740.692545932794,2688905
2024-03-11,3793.467041015625,3821.671679534189,3762.77763005425,3762.77763005425,2304068
2024-03-12,3857.7900390625,3892.482492505704,3792.270233646347,3793.4667885423355,4039801
2024-03-13,3817.990234375,3902.650417928266,3802.2543930015554,3869.5225200161185,2837260
2024-03-14,3871.915771484375,3887.9275013882175,3760.0169871413627,3822.0859739649068,2919608
2024-03-15,3882.63623046875,3900.8105660856863,3843.75695554138,3858.1124699951356,3373143
2024-03-18,3821.21142578125,3915.303868475081,3789.3259103717037,3878.9551986813763,1526904
2024-03-19,3659.9892578125,3734.2509304972355,3650.1429535690677,3728.0394485403954,8931209
2024-03-20,3654.099609375,3697.442038718445,3644.253305423998,3667.995014019841,1817913
2024-03-21,3655.98583984375,3688.6075746001366,3633.0264093675964,3671.721682393882,3829582
2024-03-22,3598.885986328125,3623.824022104687,3547.4458113797787,3586.095026445395,5852485
2024-03-26,3568.1513671875,3631.8305162225056,3562.583993880569,3565.8508182724854,3440925
2024-03-27,3534.470703125,3584.254663932085,3523.888179726998,3578.273237663649,1968575
2024-03-28,3567.046630859375,3602.65907796181,3534.1027302458065,3542.9369266623094,4311783
2024-04-01,3604.269287109375,3619.4989629098145,3577.8590356125146,3586.739062839471,1569676
2024-04-02,3573.9482421875,3597.920003104046,3564.0098274803727,3579.653557681035,2142666
2024-04-03,3632.382568359375,3663.393921354347,3543.7653833548334,3543.7653833548334,3973090
2024-04-04,3683.91455078125,3707.241978924869,3621.2935725878497,3658.7004031789797,3394637
2024-04-05,3661.783203125,3682.7181953650183,3644.529088641468,3660.632928826098,1636819
2024-04-08,3655.6181640625,3710.923223399392,3644.069363948704,3665.2344132847697,2302538
2024-04-09,3631.692138671875,3695.463391899339,3611.9074203697137,3666.1543123632814,1876992
2024-04-10,3666.75244140625,3671.859704425388,3605.419903259126,3640.756241235992,2101965
2024-04-12,3682.166015625,3693.162817777665,3630.725838259486,3654.1914342233986,4354821
2024-04-15,3626.768798828125,3739.95578953719,3606.386028171306,3682.165963982411,4200329
2024-04-16,3563.826171875,3615.2663527431537,3554.670032660961,3590.6965366993572,3051420
2024-04-18,3553.887939453125,3621.9841868688504,3542.8453047370613,3567.5072338688656,3476284
2024-04-19,3520.943603515625,3545.191475811575,3497.6620065717075,3531.8022379238537,2957749
2024-04-22,3556.2802734375,3568.6111245390066,3507.876639180684,3530.8821260588365,1728883
2024-04-23,3565.574951171875,3584.2554545711737,3552.599989202162,3567.737557164992,1807586
2024-04-24,3525.406982421875,3587.0156333989953,3519.3334438187635,3579.653877353025,1317312
2024-04-25,3544.869140625,3564.6078018941175,3506.95614613986,3507.1401450879403,2856271
2024-04-26,3516.48095703125,3567.507084546707,3499.1807851009403,3547.5841971159175,2039178
2024-04-29,3561.433349609375,3568.42710744999,3514.502156616341,3531.8023275934233,1110693
2024-04-30,3515.836181640625,3572.061677179968,3506.0359348375546,3563.0895379766434,2203078
2024-05-02,3555.083984375,3562.261741296734,3476.635273211625,3476.635273211625,2491044
2024-05-03,3536.771240234375,3582.966434995953,3494.6253703944135,3579.791498256479,2962234
2024-05-06,3608.226806640625,3625.618865765193,3545.6058231496777,3545.6058231496777,2053831
2024-05-07,3661.507568359375,3669.835600298666,3601.2792431717226,3617.1990864707095,2062112
2024-05-08,3659.666748046875,3666.4304509643703,3624.3764664424393,3644.9892925462136,1247685
2024-05-09,3644.253173828125,3654.191589237616,3598.1042563399305,3645.9096138402,1726486
2024-05-10,3583.2421875,3656.5838525037266,3575.0983807084344,3646.4614392288563,1672489
2024-05-13,3632.84228515625,3639.467820073099,3561.249169072792,3574.592350714021,931326
2024-05-14,3589.960205078125,3631.0020839186186,3582.322338430397,3621.983888045264,1058317
2024-05-15,3570.8193359375,3613.655594732349,3566.3103506592815,3592.996713752849,1115021
2024-05-16,3615.821044921875,3623.746152107256,3562.5702354838822,3606.691138597264,2599399
2024-05-17,3553.85693359375,3633.478215188869,3550.056521472798,3632.551307480913,2765804
2024-05-21,3540.973388671875,3563.7290220685823,3531.565364339062,3550.6133662673315,1908117
2024-05-22,3551.910400390625,3560.4842968425073,3538.516629030364,3554.6911235642083,1311168
2024-05-23,3608.869140625,3619.574971009692,3545.8858006651926,3560.206480963538,2095742
2024-05-24,3568.131591796875,3599.924574735908,3563.3117164748414,3594.7801911641072,1309452
2024-05-27,3565.86083984375,3622.680335515065,3560.577510431646,3573.229711889253,1841538
2024-05-28,3559.233154296875,3587.1331694666214,3550.056857637509,3576.0102759178876,1801993
2024-05-29,3525.6328125,3567.57539103945,3522.2496895007944,3567.57539103945,1568095
2024-05-30,3463.02001953125,3517.0585585131757,3443.879239356087,3500.930454720642,2919230
2024-05-31,3402.632080078125,3475.718849271696,3386.6893114728173,3466.6351077409063,10956800
2024-06-03,3432.200439453125,3477.340801445973,3425.8510308716222,3459.961281200074,2156773
2024-06-04,3443.46240234375,3471.269635740873,3328.989291525593,3429.5587856451884,3395997
2024-06-05,3472.61328125,3507.2333741025705,3429.558464168455,3444.388987256751,2799670
2024-06-06,3550.427734375,3559.2333589407076,3468.025717115301,3504.638577151665,4328036
2024-06-07,3609.332275390625,3628.8437281793376,3556.823043507588,3556.823043507588,4552445
2024-06-10,3576.6591796875,3620.409183775903,3561.0870829656333,3610.305978999996,1734661
2024-06-11,3570.541748046875,3596.3559953752433,3560.2529805994373,3563.960611925237,1419898
2024-06-12,3551.586181640625,3608.9155195936296,3547.693214139478,3591.211490093849,2177001
2024-06-13,3594.687255859375,3605.6712033854537,3570.448708339529,3574.897910867656,1932323
2024-06-14,3551.95703125,3604.7443844726295,3548.2030094526167,3604.7443844726295,1860730
2024-06-18,3536.24609375,3561.179823442644,3517.661546809407,3546.395689059985,1774045
2024-06-19,3523.824951171875,3553.6251694480566,3515.714508812201,3547.8781606822567,1509050
2024-06-20,3510.431640625,3531.4724028758133,3503.757949581445,3518.542084048452,2846526
2024-06-21,3532.213623046875,3594.3628314432963,3520.4419401652044,3547.275873620781,4642195
2024-06-24,3537.822021484375,3575.083672788881,3514.1858706790554,3530.360367833718,1702154
2024-06-25,3557.889404296875,3566.416911288198,3515.668706319215,3538.0072761024458,1338808
2024-06-26,3574.017578125,3584.3061190627222,3560.2529065957383,3563.4970839383795,1639845
2024-06-27,3646.593994140625,3653.870310416638,3539.0265319698215,3550.983551295317,4526556
2024-06-28,3618.787109375,3670.555002133022,3612.94777109011,3631.4395370159273,2731571
2024-07-01,3687.424560546875,3709.206893822337,3600.1098911444064,3600.1098911444064,2658723
2024-07-02,3723.759033203125,3729.320479596894,3691.456434510148,3701.698810211173,2307449
2024-07-03,3675.421142578125,3731.8235725519535,3665.9203376575206,3726.169344471108,1821198
2024-07-04,3727.0498046875,3751.5203059355035,3691.039573096493,3707.4921862442698,2518001
2024-07-05,3718.568603515625,3732.4258292933814,3696.5081535287777,3716.900124285456,1668616
2024-07-08,3701.328125,3736.5970115088844,3687.285562563459,3728.023114490228,1758882
2024-07-09,3694.19091796875,3714.0730443794923,3684.551167677433,3693.7274640836704,1305801
2024-07-10,3623.421630859375,3710.6901382951037,3616.794330433944,3692.5226544204043,2669716
2024-07-11,3636.907958984375,3689.092911509367,3610.8619865173036,3643.6744309405326,4872189
2024-07-12,3878.1357421875,3892.966265730662,3681.028679444162,3689.0927313615903,13509164
2024-07-15,3864.4638671875,3930.088753065226,3853.2015762580986,3926.103230885339,4848030
2024-07-16,3873.03857421875,3887.9614296375316,3841.9405419889817,3867.059837105984,2029521
2024-07-18,4000.1171875,4008.8766481494176,3855.936845387648,3855.936845387648,5613364
2024-07-19,3997.1904296875,4049.543087779747,3981.2571303488753,4011.12633936727,3903354
2024-07-22,3983.208251953125,4013.495719745839,3962.443655783337,3994.9145068230564,1896386
2024-07-23,3997.143798828125,4052.283633900068,3963.6508933891937,3979.1663862285477,2365208
2024-07-24,4000.767578125,4031.2873123813406,3965.32400369121,3983.347690266691,1809793
2024-07-25,4015.86376953125,4034.9095086348684,3970.990331539355,3990.314607319079,2810342
2024-07-26,4076.579345703125,4108.724938721474,4029.382786918519,4041.414305215362,3552210
2024-07-29,4070.30712890625,4116.667158057409,4060.923526939503,4101.802189759301,1746803
2024-07-30,4055.6748046875,4086.0085427265517,4020.323776464771,4079.598115277588,1797906
2024-07-31,4074.25634765625,4100.87384543508,4036.7686584538783,4041.4139618583135,2330091
2024-08-01,4085.17236328125,4105.797235952523,4055.3956995339786,4087.309021156136,2202244
2024-08-02,3979.21240234375,4086.008088524829,3967.088344247617,4055.34909195336,2811282
2024-08-05,3860.29296875,3938.2877856411073,3818.9035015045465,3938.2877856411073,2787771
2024-08-06,3875.2978515625,3956.1723973259723,3865.6352581703713,3875.065586406783,2203067
2024-08-07,3902.47265625,3943.8158516524645,3883.7517228332504,3928.0680935195514,1237666
2024-08-08,3876.5517578125,3931.7845938309133,3864.8922283404063,3884.402501608471,2441283
2024-08-09,3928.764892578125,3951.898410084894,3907.210505857532,3917.848430860645,1302536
2024-08-12,3898.013427734375,3938.28829973055,3889.3733446981496,3929.926753446621,936912
2024-08-13,3899.22119140625,3933.642706280625,3886.2606141643496,3914.1324330562766,1495593
2024-08-14,3990.548095703125,4000.721492141487,3891.045600911956,3910.4166078376,3226545
2024-08-16,4102.77783203125,4112.951226936545,4018.280043659057,4041.413561593398,3457058
2024-08-19,4171.482421875,4175.430929735349,4078.901616536801,4107.377235436386,2055210
2024-08-20,4202.41943359375,4241.161440255413,4180.772504085293,4185.417806867609,2212298
2024-08-21,4228.619140625,4236.516155388334,4173.8508391327405,4197.495611851862,1896990
2024-08-22,4182.63134765625,4237.399658376934,4178.172037672117,4236.5168692386715,1829872
2024-08-23,4147.2333984375,4186.346939264392,4138.964850071652,4180.772575829952,1809253
2024-08-26,4183.04931640625,4229.223358650871,4166.837026562577,4170.553269172667,1844164
2024-08-27,4178.12548828125,4190.064009724909,4168.509618727682,4185.418705944727,930697
2024-08-28,4186.39306640625,4238.838715366386,4141.101365063979,4179.611105918801,1848058
2024-08-29,4191.73583984375,4232.800503800473,4143.610677557092,4143.610677557092,2133641
2024-08-30,4230.70947265625,4266.47830377286,4169.437748026632,4180.772468175268,3637222
2024-09-02,4200.32958984375,4262.530383589784,4191.921772178967,4251.381655472286,1216500
2024-09-03,4192.2470703125,4232.707481664155,4176.963840595747,4200.329626081671,1717263
2024-09-04,4161.49462890625,4168.694848446134,4121.9632824379705,4159.357971016076,1265505
2024-09-05,4158.42919921875,4179.843865751271,4138.1754048562225,4163.120774045665,1688793
2024-09-06,4140.5908203125,4198.378570967705,4125.029055295338,4156.570844055927,1649179
2024-09-09,4133.90087890625,4171.713821913821,4116.202458212613,4138.96443998131,1184938
2024-09-10,4188.06689453125,4217.889837484757,4125.448286195702,4127.306407829653,1385591
2024-09-11,4161.58837890625,4226.622631682309,4154.062896070717,4200.701927375869,1325919
2024-09-12,4197.21728515625,4211.0601974701785,4116.94608580757,4190.295602177849,2742216
2024-09-13,4201.76904296875,4224.438028089181,4185.417487693372,4208.643999833735,1458786
2024-09-16,4193.08349609375,4223.556507717359,4175.617335175356,4205.8580816078,1155120
2024-09-17,4186.02197265625,4214.033060161901,4149.184809090063,4193.0829242332575,1699364
2024-09-18,4037.83642578125,4178.031572295144,4014.4706436360752,4178.031572295144,2961779
2024-09-19,3991.3837890625,4108.492155250461,3978.0516781123274,4078.6224926759214,2927551
2024-09-20,3980.93212890625,4023.4833814320996,3927.604135103798,4010.6620715019503,5447908
2024-09-23,3965.69482421875,4003.69330870643,3951.294386178363,3994.9602305588905,1702319
2024-09-24,3968.296630859375,3986.599307388911,3939.2172135467213,3950.040679548759,3012026
2024-09-25,3971.5009765625,3985.2976143410474,3939.2161274051114,3950.6901141651415,2713073
2024-09-26,3987.9921875,4010.5681761433375,3957.7977213162494,3957.7977213162494,3964251
2024-09-27,4003.0439453125,4067.4276691713644,3995.007207492202,4027.478059812212,3012477
2024-09-30,3965.69482421875,3993.798904910472,3957.8440813783095,3982.7894470349006,2503416
2024-10-01,3983.71875,3991.011966244493,3941.9577493270317,3953.66354966123,1823365
2024-10-03,3932.481201171875,3975.4502533375357,3911.345072809307,3960.2137504333123,3350119
2024-10-04,3950.5986328125,3993.1031627557472,3924.3989378165315,3925.2817269993093,2965463
2024-10-07,3969.736572265625,3992.4055595878863,3929.368708787632,3970.7119044131277,1472619
2024-10-08,3951.52734375,3975.8221898436273,3905.724833607358,3969.5047586663354,1541867
2024-10-09,3951.24853515625,3990.315352669941,3945.4419062961365,3957.798231053306,1082504
2024-10-10,3927.51025390625,3989.2465053830083,3900.7534930523875,3951.526558479922,2378875
2024-10-11,3854.8583984375,3941.028768538948,3820.7154216048507,3849.098041297021,5759183
2024-10-14,3843.198486328125,3869.908978898292,3829.773832682932,3846.3109301040067,2137590
2024-10-15,3824.7568359375,3874.1367741225554,3804.503494517866,3837.9959506620125,2759474
2024-10-16,3804.456787109375,3823.0844981328532,3778.675354588552,3795.212679191423,2359151
2024-10-17,3817.51025390625,3836.9742562004353,3802.5987849412795,3821.0405029589083,2522659
2024-10-18,3839.908203125,3861.4219511234783,3799.814751434331,3809.128022883925,2361000
2024-10-21,3799.675048828125,3855.647899798256,3790.501385728475,3848.8025545031073,1595450
2024-10-22,3739.744140625,3808.941792786158,3731.222588221232,3786.7761613201965,1928049
2024-10-23,3787.009033203125,3831.0606256089795,3720.791581721823,3724.936169449571,1966476
2024-10-24,3769.91943359375,3798.883801628907,3729.0342588188632,3729.0342588188632,2676744
2024-10-25,3778.90673828125,3810.990914951962,3755.763166335102,3778.441074679716,1759676
2024-10-28,3809.919921875,3850.1065991283663,3772.8064424453346,3789.523720012066,1532534
2024-10-29,3795.390869140625,3821.7008604425628,3781.281354135695,3814.5762988806255,1445885
2024-10-30,3804.145263671875,3824.960515939356,3781.2347527404995,3795.158047833668,1935002
2024-10-31,3695.925048828125,3798.23142349314,3688.055380171151,3790.501362953683,3740372
2024-11-01,3710.593505859375,3724.3305810268316,3703.003280699814,3715.855640568731,154895
2024-11-04,3691.92041015625,3717.7647384247807,3644.51594943524,3693.9228999424704,2269192
2024-11-05,3698.6259765625,3712.2698276535116,3670.45333173397,3670.45333173397,967590
2024-11-06,3855.368408203125,3864.8212879793314,3702.258313204772,3728.661529286281,3792017
2024-11-07,3865.845458984375,3916.975224376799,3804.517707610648,3883.3546808183637,3724349
2024-11-08,3862.213623046875,3883.401315336317,3834.879080725745,3869.6642401156896,1648039
2024-11-11,3910.363525390625,3943.518408459811,3834.879186284666,3844.704960664376,1406487
2024-11-12,3909.152587890625,3928.3380186185295,3878.3724067000553,3926.4753642711526,1587640
2024-11-13,3865.333984375,3908.547476051825,3847.359096337812,3891.178314501988,1098813
2024-11-14,3861.188720703125,3874.3205230412245,3833.761411965451,3851.037346821025,1825432
2024-11-18,3743.4697265625,3923.681541984777,3716.1817937910387,3923.681541984777,3313944
2024-11-19,3762.142822265625,3848.3835842405188,3738.4405905885956,3743.8421064286954,1776233
2024-11-21,3793.15576171875,3811.409636894372,3747.660340835974,3767.124986745769,2384347
2024-11-22,3953.111572265625,3962.750899853068,3775.6005148315166,3791.4330774245445,3096553
2024-11-25,4018.7705078125,4030.877762666203,3960.1901118164383,3986.080828757571,4052167
2024-11-26,4053.787353515625,4066.7327083086975,4014.0195073550117,4024.310489157352,2060669
2024-11-27,4035.0205078125,4076.7906136343795,4027.104228516807,4059.607903777546,1558993
2024-11-28,3953.390380859375,4041.9132960200004,3942.307679137016,4022.401811054281,2558544
2024-11-29,3977.557861328125,4003.495408265716,3907.5218916267318,3930.199794185259,2017425
2024-12-02,3982.960205078125,3993.7173066183545,3939.560268502564,3976.766970418375,1670944
2024-12-03,4007.267822265625,4027.9898509787527,3972.529502098055,4018.071307960362,2010905
2024-12-04,4055.370849609375,4085.6858211811555,3994.5085294279797,4017.3260445950987,3302642
2024-12-05,4157.49072265625,4180.727516616581,4060.586315983135,4098.584281260393,3746747
2024-12-06,4140.21484375,4158.375723168091,4109.713879599103,4147.199797372343,1842087
2024-12-09,4146.40771484375,4162.47310676674,4112.321053205062,4126.198190317889,2066639
2024-12-10,4128.154296875,4185.198089234919,4109.108928030726,4122.193893602826,2087828
2024-12-11,4123.404296875,4143.148158287083,4104.358476029229,4127.502045111503,1635256
2024-12-12,4149.015625,4177.00182096417,4122.05352499162,4125.825217645854,1914642
2024-12-13,4166.6640625,4186.221930852545,4092.6235608796533,4130.389146191078,1967048
2024-12-16,4111.99560546875,4167.6887843067,4095.045270300907,4152.787550664486,1646224
2024-12-17,4031.249755859375,4128.5270630912055,4021.470820330549,4107.1529221069295,3225027
2024-12-18,4049.2705078125,4062.44869495374,3995.0207057764947,4015.6031250525107,1575404
2024-12-19,3978.53662109375,4064.3119481632502,3969.3165726562265,3987.94311687329,3015763
2024-12-20,3883.913330078125,4081.0754644719555,3867.3358891418975,4031.7151268140337,4116989
2024-12-23,3872.7373046875,3927.4063874513017,3832.31779942793,3911.6202111793405,2195338
2024-12-24,3892.48193359375,3928.338029883583,3872.7376155550933,3872.7376155550933,1181886
2024-12-26,3882.796142578125,3911.5276763317006,3858.628020945553,3892.4818540644487,1208464
2024-12-27,3878.837890625,3893.8323483767854,3862.4464421773887,3877.114844483566,858100
2024-12-30,3873.202880859375,3910.9216276232846,3829.6169553875666,3865.938711530591,1527169
2024-12-31,3813.598388671875,3855.6479451405453,3755.1576110916253,3851.0376939335874,1555429
2025-01-01,3830.03662109375,3850.1065398065944,3804.8905600046846,3813.2258927424173,763161
2025-01-02,3888.9892578125,3895.741379495824,3815.6008619680624,3837.0677703855595,1720835
2025-01-03,3818.347900390625,3892.900907869697,3811.269950829448,3892.900907869697,1791953
2025-01-06,3813.78466796875,3864.681605615779,3787.148620607623,3823.563603014824,2085593
2025-01-07,3751.664794921875,3856.020036180541,3736.0650668596068,3832.3644200987096,2669054
2025-01-08,3826.26416015625,3842.6556080381715,3741.839449635328,3757.811618423141,2181277
2025-01-09,3761.490966796875,3853.599136272882,3748.871437714519,3819.372861544339,2392472
2025-01-10,3972.7158203125,4001.9130192806797,3883.6344636724307,3911.574279957844,7894300
2025-01-13,3996.41845703125,4026.081320920444,3937.0927292528613,3953.48417981758,4003771
2025-01-14,3942.35400390625,4017.6518909895462,3929.315424489214,4006.5691894349775,3441709
2025-01-15,3957.768310546875,3964.1479930593564,3918.5129585242826,3928.338278958004,1653474
2025-01-16,3917.44140625,3999.118983314416,3903.984001105146,3967.4538586211947,2637705
2025-01-17,3911.75048828125,3946.1800146177866,3888.7502327632087,3945.5159044693314,1761466
2025-01-20,3867.647216796875,3932.1425484323627,3858.447160711793,3932.1425484323627,1287799
2025-01-21,3827.859375,3899.136367766385,3822.310766747393,3884.245525979371,1971591
2025-01-22,3942.385986328125,3948.598240960883,3835.7784821299006,3841.2796202434547,2409223
2025-01-23,3931.81103515625,3975.345448560087,3926.688958070982,3953.1987172495446,1822998
2025-01-24,3938.35498046875,3962.682991900412,3892.4966488174464,3892.4966488174464,1910099
2025-01-27,3855.64892578125,3942.149041037749,3832.7910788257336,3890.5999221421316,1551782
2025-01-28,3832.07958984375,3890.599779117484,3820.69802052405,3861.007745197988,2468272
2025-01-29,3888.512939453125,3896.148353343233,3845.0734688360117,3845.0734688360117,1217089
2025-01-30,3888.749755859375,3917.06149974122,3849.341260711391,3888.607578878502,1531251
2025-01-31,3900.463623046875,3915.686749530312,3874.7129156799383,3898.1874018590165,1492943
2025-02-01,3863.23681640625,3922.7529442290934,3846.970748198443,3901.033206937918,437172
2025-02-03,3858.96826171875,3866.8880293594016,3792.623246059982,3823.1637429283855,1265713
2025-02-04,3895.38916015625,3906.5813140143973,3856.5023649775358,3873.2426631324765,2547132
2025-02-05,3880.261474609375,3936.1259160718655,3865.9395744358853,3936.1259160718655,1693912
2025-02-06,3872.341796875,3926.1671344471406,3842.749763323274,3893.8244160755,2284536
2025-02-07,3821.741455078125,3879.218476720966,3801.4444143514993,3879.218476720966,1548940
2025-02-10,3828.90234375,3843.1767756673025,3807.46719267282,3831.7952057492353,1339511
2025-02-11,3759.28515625,3831.795194749814,3751.1757413949294,3811.3082763326493,1810908
2025-02-12,3746.575439453125,3814.4855628593755,3737.090798282343,3766.445947952812,1678002
2025-02-13,3708.636962890625,3779.1078947757164,3701.144188811121,3763.5057059907817,2277310
2025-02-14,3732.064208984375,3744.536419785488,3699.010141125482,3722.721744594235,1681975
2025-02-17,3703.27783203125,3731.2575211194617,3657.4669727378136,3657.751558260601,1799806
2025-02-18,3673.591064453125,3722.1523795147264,3665.33947318774,3697.492313192335,2149879
2025-02-19,3589.083251953125,3675.251080308744,3573.955063643061,3672.6428039185434,4366672
2025-02-20,3584.625,3592.781883594646,3557.973298668796,3567.647585834546,2888572
2025-02-21,3590.88525390625,3620.287642408916,3580.4521483085296,3581.4955514917533,1833931
2025-02-24,3486.175048828125,3569.2603724469545,3480.863556771993,3550.2436192378755,2508516
2025-02-25,3442.497802734375,3469.4815591448155,3434.6255046618817,3438.1822449152423,4101954
2025-02-27,3426.3740234375,3450.512388419143,3415.1346312530945,3425.5677363307773,3823856
2025-02-28,3303.73779296875,3414.4709839051175,3278.8406087111084,3400.196551952343,7085018
2025-03-03,3313.032470703125,3341.6760393458467,3297.0032889623258,3305.3972886171223,4990439
2025-03-04,3350.022705078125,3367.996053645755,3285.7642616440216,3294.9643171966636,2797737
2025-03-05,3364.25,3414.80318836825,3339.400284175127,3339.400284175127,2501894
2025-03-06,3415.98828125,3423.433585251506,3353.863884772035,3373.6866911774378,2786513
2025-03-07,3425.093505859375,3438.1823567291294,3390.1899807262357,3414.4707542689284,2051315
2025-03-10,3404.654052734375,3435.4318979249574,3397.9675660982793,3420.635765390215,1004626
2025-03-11,3391.044189453125,3403.8009869657603,3355.3343724519627,3374.63571205132,1995450
2025-03-12,3325.5048828125,3385.305592458114,3307.15224085139,3381.2746199098347,3174167
2025-03-13,3330.10498046875,3342.672130004524,3304.5439188567675,3321.8059194545594,1693004
2025-03-17,3317.442626953125,3348.504824268339,3298.1415226710474,3309.1910361154605,2690906
2025-03-18,3317.442626953125,3317.442626953125,3317.442626953125,3317.442626953125,0
2025-03-19,3316.874267578125,3364.202538836237,3284.2944294770737,3364.202538836237,3051244
2025-03-20,3379.52001953125,3394.505799750347,3331.0061697900233,3331.0061697900233,2845192
2025-03-21,3393.699462890625,3429.883275405574,3286.428081377204,3295.9127223046994,4161925
2025-03-24,3441.9287109375,3461.6568103088644,3382.792113898217,3414.470721860925,1834751
2025-03-25,3469.24462890625,3518.8018790902024,3450.5124625687754,3457.1517113972473,3135390
2025-03-26,3448.426025390625,3490.822326860632,3438.9888533482517,3459.7601257453803,1734499
2025-03-27,3463.0322265625,3474.2241497420814,3424.4297823215356,3428.5556939598323,2528474
2025-03-28,3420.3037109375,3472.279589767322,3406.7880975546004,3462.8424183134416,2051919
2025-04-01,3367.80615234375,3399.2951120927096,3343.335733852344,3388.577422151902,2618493
2025-04-02,3361.309326171875,3380.4210168658315,3348.1257677061367,3361.3567956889556,1764313
2025-04-03,3227.765625,3321.52139726939,3221.1263760619972,3311.0882917953854,4537821
2025-04-04,3129.3623046875,3224.445829064787,3125.663387385046,3189.305420015634,5317367
2025-04-07,3105.31884765625,3121.7745604042666,2898.5536795332505,2940.2386292720134,6623955
2025-04-08,3123.244873046875,3176.4063332063806,3087.535291604866,3131.875989149625,5557558
2025-04-09,3079.283447265625,3101.4774131953245,3046.513968346596,3092.514474322123,2990265
2025-04-11,3064.961669921875,3128.9355257101774,3040.7758359181594,3120.020055994998,7108961
2025-04-15,3080.80126953125,3143.5895512500647,3071.696152437833,3143.5895512500647,3512160
2025-04-16,3105.081787109375,3109.1602290119804,3062.5905495252055,3080.801013758816,2384391
2025-04-17,3128.88818359375,3133.3461501914685,3052.1575291360596,3078.240292358944,2932346
2025-04-21,3150.41845703125,3181.148601343861,3114.851053170071,3120.5418377878595,2432946
2025-04-22,3143.58935546875,3162.0844056249766,3125.189244347029,3151.3669464223676,2710498
2025-04-23,3237.108154296875,3244.6009284823726,3165.3094642241085,3191.581874951358,3543923
2025-04-24,3226.29541015625,3236.6335756939984,3213.111620905439,3225.821178130507,2252175
2025-04-25,3270.304443359375,3298.568721809185,3229.5204842339535,3243.7474467195657,2742991
2025-04-28,3266.0361328125,3279.5992157727555,3229.520264912607,3257.9741879514845,1593296
2025-04-29,3293.54150390625,3314.881945616226,3253.6110736832507,3276.943382576269,1578332
2025-04-30,3275.710693359375,3329.0143339832575,3192.530431054501,3293.067634171488,2809332
2025-05-02,3254.180419921875,3311.562499608635,3243.7473145242825,3293.0674491310842,1721761
2025-05-05,3276.279296875,3323.8921441678535,3268.7862922132254,3272.2008552943626,1284443
2025-05-06,3281.685791015625,3294.01582433447,3259.871116682284,3281.685791015625,1324763
2025-05-07,3267.5537109375,3281.211501134211,3244.3163408615387,3244.3163408615387,1477128
2025-05-08,3271.15771484375,3297.809648457028,3251.9987864937443,3270.304189784248,2543591
2025-05-09,3263.00146484375,3268.5973110539226,3222.9763215318844,3223.8298466966075,2531757
2025-05-12,3433.8193359375,3443.3989159735165,3321.7109255991563,3324.3666713915923,2228678
2025-05-13,3333.851318359375,3436.2854413701325,3329.5832299005933,3433.819342081611,3062887
2025-05-14,3365.814697265625,3377.4808526725133,3327.7814236222675,3339.5422865093847,2119499
2025-05-15,3395.406494140625,3414.4707149223877,3332.9977424314357,3380.326007773164,3548330
2025-05-16,3377.76513671875,3408.6849264465072,3363.348529175367,3408.6849264465072,1666727
2025-05-19,3337.455810546875,3367.0478467189873,3323.133908772587,3367.0478467189873,2537377
2025-05-20,3318.01220703125,3374.6354708973113,3313.9337648440714,3349.785756293493,2038374
2025-05-21,3344.094970703125,3354.7177229486574,3318.012206388427,3327.212262398612,1440153
2025-05-22,3297.809814453125,3317.5379148748953,3273.4343323692665,3314.8821689714327,2034383
2025-05-23,3333.471923828125,3352.820498295267,3286.9971842477944,3297.809582057325,1274331
2025-05-26,3355.002197265625,3362.3053247198645,3329.204019365113,3339.542185709067,967470
2025-05-27,3318.3916015625,3357.5632187597585,3303.5956991946746,3349.9755052710357,2467680
2025-05-28,3317.442626953125,3347.1295977218288,3312.9848922760975,3338.593421360396,1222933
2025-05-29,3317.82275390625,3350.449830188234,3306.8204764193288,3324.0824787726883,3188072
2025-05-30,3284.91015625,3325.978694152705,3275.141162203871,3310.139391513628,3404365
2025-06-02,3272.011474609375,3281.6857620470387,3242.41944121709,3272.201121116267,1877585
2025-06-03,3229.7099609375,3294.490106360913,3225.252225904789,3268.407343175387,2848125
2025-06-04,3235.164306640625,3248.465279476926,3224.7342507303856,3242.9152450223373,2544807
2025-06-05,3225.786865234375,3262.0530702216233,3218.7057063727016,3262.0530702216233,3584683
2025-06-06,3238.32177734375,3244.732922695699,3213.920971684004,3225.786601665087,2070390
2025-06-09,3274.39697265625,3285.975488762853,3244.7332451805223,3253.4410779830223,1718678
2025-06-10,3313.629638671875,3335.5426613582063,3275.6409764041855,3291.7168496023487,2419874
2025-06-11,3322.24169921875,3338.604687522634,3300.424692969312,3320.423693236899,2847013
2025-06-12,3286.16650390625,3324.920724772973,3275.6406661399797,3322.241373890929,4060134
2025-06-13,3297.1708984375,3301.76403815699,3246.933943792306,3246.933943792306,2178493
2025-06-16,3345.58984375,3357.742355566309,3278.511454741814,3291.7166438153617,1934088
2025-06-17,3363.77099609375,3368.2683531373627,3337.743514633776,3358.6994089523137,2111940
2025-06-18,3302.625244140625,3385.4923927635227,3294.683207501011,3367.4071820205213,2696327
2025-06-19,3276.40625,3302.242397415304,3265.8804121641356,3301.2855030665887,2672768
2025-06-20,3287.60205078125,3297.7452248908758,3263.871022884297,3277.3633274014865,2351248
2025-06-23,3247.317138671875,3277.3635313225304,3224.73433592903,3267.7945867055305,3123421
2025-06-24,3244.2548828125,3293.7265132738476,3236.2170627975156,3286.5498048258933,3403048
2025-06-25,3296.309814453125,3301.2856185170967,3253.440899408153,3260.4262751214173,1757699
2025-06-26,3293.439208984375,3302.625255099875,3268.081507258558,3296.3098921986184,2879106
2025-06-27,3292.76953125,3316.978773543857,3283.1048040170426,3306.0702704397795,1778433
2025-06-30,3312.7685546875,3315.5434551196317,3282.1479325760038,3291.6210940950255,1468351
2025-07-01,3281.86083984375,3334.7771495134807,3266.3591965177234,3306.0703160886874,2375183
2025-07-02,3275.736572265625,3339.4655976963195,3272.57877409358,3336.8820295980254,3090585
2025-07-03,3254.20654296875,3287.2193999790024,3251.144527592608,3282.147812903343,2531870
2025-07-04,3272.3876953125,3279.27728864699,3243.967976797223,3261.096294049881,1109320
2025-07-07,3264.63671875,3278.416138875185,3261.4789203702617,3270.952315509477,1639174
2025-07-08,3259.37353515625,3277.363195918518,3247.125240576613,3258.2253086430815,2325242
2025-07-09,3237.939208984375,3266.837372173034,3221.8633368794976,3263.0097947012437,2034938
2025-07-10,3236.216552734375,3252.483755985849,3211.337300702709,3234.3027641165545,3035012
2025-07-11,3125.217041015625,3191.242753149758,3120.5283520064395,3157.6556670087216,7635550
2025-07-14,3083.783447265625,3130.9583865491522,3062.0619917351123,3125.217020314649,3924009
2025-07-15,3112.107666015625,3118.9014760029677,3067.8034091107847,3067.8034091107847,2590889
2025-07-16,3104.234375,3115.5638600833036,3092.2326031663256,3098.3774165813243,2540733
2025-07-17,3081.287109375,3112.779808234124,3076.390526695053,3095.5933632665156,2947640
2025-07-18,3062.75634765625,3100.1060057073505,3059.972030096825,3096.4574198500977,3432645
2025-07-21,3032.31982421875,3070.1495522628406,3026.3669918654064,3062.8523807267275,3844346
2025-07-22,3033.6640625,3053.3469689942053,3028.8633535989743,3033.6640625,3198036
2025-07-23,3052.38671875,3055.171036049811,3031.743671209123,3033.6639547012974,1922875
2025-07-24,3022.526611328125,3047.2022105424912,3014.845476356516,3038.945131093794,2934778
2025-07-25,3010.812744140625,3031.0715957495104,3001.019344529776,3014.845292873372,2568917
2025-07-28,2956.564697265625,2993.72213811463,2947.539223682625,2986.041003699968,3374473
2025-07-29,2934.193359375,2951.4759118844077,2919.9832137631183,2938.0339265993125,4785312
2025-07-30,2931.888916015625,2946.6750050729374,2925.7438682234083,2938.0337293982366,2880121
2025-07-31,2915.758544921875,2937.841805411508,2894.827407662822,2920.4631457840833,2968371
2025-08-01,2883.3056640625,2915.758501968501,2880.4252388236764,2909.133383273443,2053847
2025-08-04,2951.85986328125,2956.6605722928375,2872.360309577052,2889.1627911176092,2519252
2025-08-05,2941.778564453125,2954.8365875722943,2920.7515513874637,2951.86005402892,1927996
2025-08-06,2911.43798828125,2944.562879940478,2905.3890481398157,2940.9142942671037,1487081
2025-08-07,2925.552001953125,2929.9687479023937,2890.890789951502,2895.7876067904904,2543076
2025-08-08,2915.374267578125,2937.8417248012156,2904.428745573524,2926.6081133944717,2762140
2025-08-11,2919.599365234375,2928.3365153663553,2900.876599282036,2915.3746004762743,1884215
2025-08-12,2914.414306640625,2972.9829560524563,2906.253101394714,2919.791194448837,3358232
2025-08-13,2915.182373046875,2923.0554886191444,2907.8854362960733,2915.0864995163706,2148166
2025-08-14,2901.836669921875,2934.0972944331475,2898.764262979319,2913.0702823357074,3342174
2025-08-18,2891.17919921875,2927.472609378642,2883.6900456286708,2925.072254664491,2945609
2025-08-19,2895.9794921875,2904.42878644818,2891.0829099205744,2891.178783449569,2650784
2025-08-20,2975.09521484375,2979.7037075526887,2890.8905988262018,2890.8905988262018,4952358
2025-08-21,2978.93603515625,3005.2438266480435,2960.2132701020532,3005.2438266480435,3230726
2025-08-22,2932.27294921875,2972.3108139224278,2928.4323821601793,2962.997485687316,1593791
2025-08-25,3015.42138671875,3026.366909314735,2954.4523833109183,2964.245782645686,3448370
2025-08-26,3031.35986328125,3035.9685911364395,2995.6426326203955,3004.283909445262,5522097
2025-08-28,2970.390625,3021.086158669707,2963.4776509563167,3019.645945976872,3116051
2025-08-29,2961.74951171875,2990.8418565958136,2954.548447858567,2969.7187359392783,2271789
2025-09-01,2988.537353515625,3006.2999761800884,2966.8380558481663,2966.8380558481663,1246862
2025-09-02,2987.4814453125,3029.2476168924754,2979.4163473229805,2996.6989010802117,2185229
2025-09-03,2974.0390625,3016.6692623196923,2964.917715899919,3005.1475613511693,1799774
2025-09-04,2972.310791015625,2993.7219990840686,2967.6061901689773,2991.8017155695825,1481391
2025-09-05,2926.80029296875,2979.703965451406,2907.885546409113,2973.655259644998,2802055
2025-09-08,2898.66796875,2942.7383816988513,2895.7875434746607,2928.4323632618416,2626187
2025-09-09,2927.856201171875,2938.0337976334035,2909.997705008497,2911.2459361835313,2489301
2025-09-10,2986.041015625,2998.2347696750494,2931.696895660388,2934.5773210773896,2079428
2025-09-11,2999.6748046875,3013.8849494515116,2986.1369466753263,3013.8849494515116,2263446
2025-09-12,3008.50830078125,3023.198517586115,2996.6026359147436,3018.685897890405,1447167
2025-09-15,2987.865234375,3009.0844623500607,2972.5990732086116,3009.0844623500607,1732539
2025-09-16,3020.318115234375,3024.4467719955323,2985.1770648150605,3003.3236516831826,2573429
2025-09-17,3046.338134765625,3055.55535595913,3017.149681628776,3026.367137231914,2418271
2025-09-18,3050.08251953125,3075.334296666793,3035.392302577828,3058.0517436415034,2633138
2025-09-19,3042.88134765625,3053.730996885227,3018.685821162444,3043.6495079786732,4901694
2025-09-22,2951.283935546875,2983.0644887376598,2942.8346407567424,2971.6388949892716,3634901
2025-09-23,2940.337890625,2957.908530869745,2930.3525105651574,2947.635061413838,3177741
2025-09-24,2914.414306640625,2935.153463147022,2912.1100600997443,2928.432470591566,1625714
2025-09-25,2839.523193359375,2908.845617084501,2833.3783797594588,2901.548445826189,4974361
2025-09-26,2783.54736328125,2837.027218062639,2776.0582098827367,2823.7772134975207,3934636
2025-09-29,2780.666748046875,2812.5434087793974,2778.6503565122343,2799.773476015783,3110035
2025-09-30,2773.2734375,2799.101392157332,2770.105157137798,2794.9727356006983,2253458
2025-10-01,2798.044921875,2808.2225177556543,2752.3423171660024,2775.7696811050214,1952902
2025-10-03,2786.2353515625,2807.454578770542,2775.8660078142957,2807.454578770542,2899519
2025-10-06,2869.287841796875,2874.28076699856,2780.1868646812827,2786.3316788238635,2112774
2025-10-07,2855.173583984375,2884.745997894136,2837.699050349848,2875.624650921264,3062943
2025-10-08,2906.541259765625,2921.711547346886,2849.7009111158586,2856.4219038307547,4121889
2025-10-09,2939.666015625,2943.794672125363,2899.628150625765,2913.070135429991,3211304
2025-10-10,2907.59716796875,2947.635030127983,2887.049994865423,2928.432196055488,8817365
2025-10-13,2887.33837890625,2914.5104387736105,2878.6971026918,2906.349233459963,2866865
2025-10-14,2842.3076171875,2906.541005318549,2837.6988899902512,2900.588173459837,3611416
2025-10-15,2862.06396484375,2871.6047262713414,2843.9459294866183,2863.220385125294,4282226
2025-10-16,2862.93115234375,2867.075207263124,2836.332545372744,2862.1601270799792,3251495
2025-10-17,2854.73974609375,2880.374867719902,2848.1863837329993,2862.2568312933195,4374683
2025-10-20,2905.81689453125,2913.333979311689,2870.4483153754104,2877.1943748710046,3133039
2025-10-21,2897.625244140625,2921.814780103732,2887.313457420898,2921.140221212513,310644
2025-10-23,2961.712890625,2985.613263353556,2925.958915568601,2944.1731825516827,5564758
2025-10-24,2952.07568359375,2977.9035021252716,2947.3535359078196,2968.2662739630537,2684318
2025-10-27,2972.98828125,2981.9509500743798,2949.184375870237,2955.2558763824863,1946312
2025-10-28,2946.968017578125,2978.096312781555,2929.9101701396817,2964.4114953280427,3470737
2025-10-29,2946.678955078125,2964.4113606511696,2935.596142774,2946.96788369373,2895420
2025-10-30,2925.187744140625,2952.653842834952,2922.778437237614,2938.487165302022,2241536
2025-10-31,2947.064208984375,2956.1231088421955,2915.357824198127,2924.898585437403,1868085
2025-11-03,2907.35888671875,2947.0642176101555,2900.805524854993,2936.3668007969727,2194877
2025-11-04,2881.723876953125,2919.4055326440953,2868.039060214524,2910.0574685167057,2670720
2025-11-06,2901.6728515625,2914.2977142131544,2881.531139384038,2881.627605776501,2542721
2025-11-07,2883.265869140625,2895.023240036059,2853.1012989769483,2892.1320716871546,1830520
2025-11-10,2915.4541015625,2937.3305615709287,2883.4585523829414,2884.422275161144,1556656
2025-11-11,2936.46337890625,2944.847720230334,2908.5154176367123,2934.5359333014544,2806868
2025-11-12,3018.18701171875,3022.619995280987,2946.1969680097523,2948.991669923252,4460315
2025-11-13,2993.03369140625,3018.2831803470704,2989.4679642954256,3018.186949242595,1740435
2025-11-14,2993.322998046875,3000.1655239975616,2965.6642009169345,2977.9034333434784,2210794
2025-11-17,2989.660888671875,3010.188231818854,2974.626953832486,2993.323082448971,2232853
2025-11-18,2975.108642578125,2992.3591859617445,2966.338671301208,2989.4680176661295,2548350
2025-11-19,3033.51025390625,3040.5454775036865,2971.639296317787,2984.6495543039355,3151053
2025-11-20,3030.715576171875,3049.7008686990343,3024.2586803244717,3033.79944214396,2700767
2025-11-21,3036.30517578125,3055.0013041600305,3021.463703354114,3030.715536432949,4177037
2025-11-24,3027.245849609375,3063.578150159984,3017.415924634444,3043.4364388360186,6703764
2025-11-25,3006.04443359375,3035.534448554938,3001.9968444557608,3031.197695489111,2737920
2025-11-26,3048.15869140625,3062.71099952004,3003.923909850209,3005.658657913636,2508527
2025-11-27,3022.81298828125,3064.6384631299097,3011.6337098367826,3064.6384631299097,2836233
2025-11-28,3023.680419921875,3033.124950840084,3011.6338843843378,3026.0897270293826,1616690
2025-12-01,3019.72900390625,3039.581788202742,3008.935355329588,3024.0657566161144,1747647
2025-12-02,3021.94580078125,3029.9447477765,3007.2007935969305,3017.416350282513,2512003
2025-12-03,3064.63818359375,3095.380843586067,3025.125552924774,3026.0892756240173,3952112
2025-12-04,3112.0537109375,3132.0991928283806,3071.7700496468055,3078.130714428876,5025905
2025-12-05,3120.72705078125,3152.915532717371,3105.5001838412545,3112.824571063191,5244013
2025-12-08,3119.0888671875,3141.6398867746047,3092.2010949656524,3125.353065437683,2544725
2025-12-09,3091.911865234375,3116.390329915732,3065.794883587669,3112.824602659864,2734893
2025-12-10,3073.504638671875,3108.005961204973,3062.8074569989867,3108.005961204973,1386849
2025-12-11,3076.10693359375,3092.0083609433445,3038.714674477584,3088.73179730002,1914362
2025-12-12,3103.66943359375,3106.0787407149996,3070.131831409176,3081.696505591174,1146554
2025-12-15,3113.017333984375,3120.727116365754,3081.31094805451,3094.610369719165,1562190
2025-12-16,3088.828125,3103.187500999765,3075.3360054304358,3103.187500999765,1734623
2025-12-17,3101.067138671875,3119.474102184826,3084.394687896739,3084.394687896739,1376350
2025-12-18,3161.78173828125,3168.5277977297296,3104.1510690788923,3110.897128527372,2307422
2025-12-19,3162.938232421875,3197.5357868591873,3159.854366515901,3179.3215200364916,3902511
2025-12-22,3204.281982421875,3207.8479451634685,3171.6118722000997,3189.9226061933546,2632816
2025-12-23,3189.92236328125,3199.4631245744913,3174.0209376032617,3199.4631245744913,2365420
2025-12-24,3198.59619140625,3206.4024407323423,3176.5270318942603,3184.2368148202168,1367708
2025-12-26,3161.0107421875,3199.5596536775915,3153.108262388808,3192.910060559104,1176664
2025-12-29,3133.544677734375,3168.7205598617948,3125.2565675579217,3161.010777477703,2079473
2025-12-30,3129.01513671875,3148.9641510011397,3121.9799134409154,3132.099002526,2807593
2025-12-31,3089.887939453125,3128.2441532690227,3082.4673210816295,3122.461816571668,3362634
2026-01-01,3110.31884765625,3116.775978595714,3082.1781891606697,3098.368779137981,1255735
2026-01-02,3132.7734375,3136.242933448354,3102.7053353217875,3116.679314934201,1184324
2026-01-05,3099.428955078125,3129.207895137578,3075.2394189664337,3122.94369701057,2341703
2026-01-06,3137.6884765625,3144.819930571793,3088.7313153651494,3093.5499289616628,2912325
2026-01-07,3176.044921875,3180.8635358265738,3106.271250685878,3125.2565425983025,1989442
2026-01-08,3087.67138671875,3167.66037916829,3066.565951499233,3167.66037916829,4159336
2026-01-09,3091.43017578125,3112.5356118812538,3075.239584998998,3075.239584998998,1938673
2026-01-12,3122.076416015625,3134.026484388671,3059.145271347969,3086.804068110982,2228342
2026-01-13,3149.446044921875,3161.0107182814413,3094.0319850739534,3127.2804209827063,5645341
2026-01-14,3076.684814453125,3141.736098705462,3067.529448521315,3141.736098705462,3539511
2026-01-15,3076.684814453125,3076.684814453125,3076.684814453125,3076.684814453125,0
2026-01-16,3146.54931640625,3161.464149941515,3111.519017760894,3159.0110444402844,4293470
2026-01-19,3104.258056640625,3159.600023336744,3092.973770842994,3128.2002715520307,3387562
2026-01-20,3044.10791015625,3100.7255406282875,3033.118044759914,3092.4832014713097,4499273
2026-01-21,3064.027099609375,3079.6287553253787,3024.188569033875,3041.8509292683366,2015150
2026-01-22,3091.305419921875,3100.7254411371077,3063.7326570458863,3090.9130188550284,2269827
2026-01-23,3103.178466796875,3134.578217290946,3092.875423666008,3130.457047950816,2068857
2026-01-27,3098.762939453125,3115.4440572399217,3071.2881572160486,3115.4440572399217,4279874
2026-01-28,3140.073486328125,3145.0776781720924,3111.1268393421374,3116.425451779539,2751234
2026-01-29,3085.41796875,3140.07335254898,3066.9708064954257,3140.07335254898,2457641
2026-01-30,3065.302734375,3082.082073579965,3034.001200735196,3082.082073579965,3022068
2026-02-02,3110.1455078125,3138.0126916764966,3075.2131881532646,3138.0126916764966,2636272
2026-02-03,3164.80078125,3287.1616459496977,3126.532332237451,3287.1616459496977,4366060
2026-02-04,2942.84375,3061.475843095512,2929.9893806035893,3061.475843095512,10852595
2026-02-05,2935.38623046875,2972.869637012123,2916.5464269268496,2933.9143670738968,3521545
2026-02-06,2886.422119140625,2929.0079343210614,2861.302223276454,2920.765595757455,4687389
2026-02-09,2892.8984375,2921.15826303242,2882.3991930324937,2903.5941220720847,2380318
2026-02-10,2928.61572265625,2955.109263473934,2888.2865702537815,2894.468444356794,3547763
2026-02-11,2855.21875,2941.76426862986,2849.723697569715,2924.1019081110685,3363513
2026-02-12,2698.514404296875,2825.977676593803,2688.603761759382,2815.9690535680857,10612156
2026-02-13,2641.700439453125,2662.110326952746,2536.5113141072056,2536.5113141072056,11168735
2026-02-16,2655.830322265625,2668.7826718221954,2620.898002964758,2649.3540277067937,2918730
2026-02-17,2666.427490234375,2708.228504276998,2644.6439610469733,2665.0538469624375,4209118
2026-02-18,2644.349609375,2678.7913077273606,2607.4550449905755,2678.7913077273606,2950820
2026-02-19,2627.66845703125,2697.140454434555,2616.5806115438327,2657.2039438116426,3238849
2026-02-20,2635.81298828125,2651.905505554349,2597.838959616639,2616.973184248376,2293482
2026-02-23,2626.0986328125,2653.2789947204583,2610.3005370564806,2635.616634548502,4699596
2026-02-24,2525.423095703125,2597.8388206557183,2513.255787797201,2591.460746119642,7798833
2026-02-25,2579.980224609375,2604.4130601353972,2546.3235684513456,2547.3048106742554,3621285
2026-02-26,2598.03515625,2620.8981494569975,2585.573427113137,2600.292061423079,3464267
2026-02-27,2587.92822265625,2638.168017666852,2576.8403768444346,2631.299321894741,5083717
2026-03-02,2564.4765625,2574.5834053591284,2531.8993684474203,2543.37985460111,3374385
2026-03-04,2539.2587890625,2585.5733762002424,2531.997452542583,2575.7609535201655,3446434
2026-03-05,2530.427490234375,2560.551578540278,2498.6350985020495,2551.229777430436,2960636
2026-03-06,2509.625244140625,2570.069622274581,2505.7002751879877,2523.7550365456814,3998643
2026-03-09,2479.99169921875,2511.9802941008847,2458.0119674698108,2482.54302502939,3653428
2026-03-10,2465.9599609375,2497.45769299971,2443.39138949283,2493.3365235176843,4323710
2026-03-11,2418.6640625,2473.711851651557,2413.954291083466,2461.053921737681,2720664
2026-03-12,2396.5859375,2426.513825649523,2390.3060830242093,2413.6596961153996,2752075
2026-03-13,2365.284423828125,2400.0203033629555,2352.0376535639975,2391.287343235487,2466488
2026-03-16,2364.0087890625,2379.5124645789865,2321.7173916761253,2364.793830777467,3807907
2026-03-17,2346.837158203125,2374.6063631722786,2315.7318252423875,2374.6063631722786,2993367
2026-03-18,2395.01611328125,2436.326267951688,2364.793804301608,2364.793804301608,3082388
2026-03-19,2311.806640625,2378.5311107279285,2306.115387909886,2371.6624152761565,2757060
2026-03-20,2345.7578125,2362.6351312433567,2319.8528734315287,2341.2440023374425,4206320
2026-03-23,2339.085205078125,2361.6537756859007,2303.956686393805,2320.6378037995523,3860515
2026-03-24,2353.803955078125,2389.7172776589064,2334.47353068287,2359.0045869106293,3420182
2026-03-25,2332.80517578125,2376.1762738846405,2325.3478785890734,2355.864368126978,5843778
2026-03-27,2344.97265625,2376.6668272056972,2340.262645780238,2358.8080275261386,4979411
2026-03-30,2314.652099609375,2353.0187649541185,2302.1903717438945,2330.5484146912077,6804756
2026-04-01,2363.02734375,2425.6306420517385,2352.9205014959025,2383.437228779803,4132661
2026-04-02,2404.730224609375,2423.570027038862,2331.1370592120925,2341.24390183887,5378361
2026-04-06,2427.4951171875,2435.4432752720936,2402.2772391631793,2427.593337237373,2572417
2026-04-07,2492.1591796875,2496.182129281132,2402.0810908677395,2414.837240451596,4516550
2026-04-08,2511.195068359375,2531.899375247164,2492.453485493659,2523.755016821873,4769337
2026-04-09,2540.436279296875,2556.136155878084,2483.622446743067,2506.0927992754805,5628261
2026-04-10,2476.94970703125,2517.671257898199,2454.1849361455575,2517.671257898199,10480239
2026-04-13,2426.2197265625,2457.9136601554055,2423.6684008424363,2443.195026142192,3739587
2026-04-15,2506.975830078125,2510.9990192902537,2446.629429262826,2454.9699887251027,5261384
2026-04-16,2528.56298828125,2545.3423261167095,2510.0176060935014,2523.754997213638,3905403
2026-04-17,2533.07666015625,2540.435976426315,2507.9567647966655,2521.7923752088177,2718206
2026-04-20,2531.212646484375,2545.3424392975157,2513.15764504414,2538.571963483115,2288558
2026-04-21,2561.532958984375,2564.9673069470045,2511.9802240950007,2511.9802240950007,2719959
2026-04-22,2490.883544921875,2531.6050998221144,2456.6382849386455,2531.6050998221144,5232045
2026-04-23,2474.496826171875,2511.4896121641627,2469.0999936393873,2481.5617226658205,2509050
2026-04-24,2351.939453125,2458.0118361710306,2343.991534636913,2441.3307179215667,5107719
2026-04-27,2401.6884765625,2412.874541687738,2351.9393059532576,2351.9393059532576,5853425
2026-04-28,2398.8427734375,2440.349366669426,2381.867235359066,2398.155951805419,4508363
2026-04-29,2428.280029296875,2441.2323784506298,2401.688509360205,2405.024637022461,2835961
2026-04-30,2427.4951171875,2444.2744555611544,2392.26861608113,2432.4995485090735,3970446
2026-05-01,2427.4951171875,2427.4951171875,2427.4951171875,2427.4951171875,0
2026-05-04,2385.6943359375,2451.4375668418284,2379.512461835769,2447.2181772447047,2632358
2026-05-05,2381.76953125,2414.248508305356,2366.9526763935437,2384.418837601779,3385720
2026-05-06,2389.71728515625,2424.6496051586114,2361.3594798924314,2396.0953597954776,3147628
2026-05-07,2356.35498046875,2393.9366055534624,2353.018852732181,2392.4647422177254,5829594
2026-05-08,2349.486083984375,2361.8498307717123,2330.5483023329007,2353.018651512491,3792199
2026-05-11,2348.014404296875,2369.699953108347,2326.5252955775945,2326.5252955775945,1975188
2026-05-12,2257.151611328125,2330.450360002076,2240.176072372522,2330.450360002076,6347884
2026-05-13,2230.167236328125,2265.8843552424923,2226.4384681959255,2262.7444282326155,3171843
2026-05-14,2203.8701171875,2222.513720137884,2165.012827845418,2222.513720137884,5633313
2026-05-15,2221.532470703125,2261.665183205434,2209.7575636145925,2209.7575636145925,3410637
2026-05-18,2240.3720703125,2249.8900714309348,2209.953563101145,2221.5322685970373,3773336
2026-05-19,2283.448974609375,2333.0017090765828,2254.0117066090534,2256.857213357978,10394707
2026-05-20,2283.7431640625,2298.0693970332622,2274.3233820043192,2280.308816116464,2537422
2026-05-21,2283.546875,2292.0836345084317,2270.594525446405,2287.275643394801,3299087
2026-05-22,2273.83251953125,2296.1066687906364,2264.805139514887,2287.373709336333,2617262
2026-05-25,2295.61328125,2313.415817804508,2280.496215777924,2312.3217190072714,3298364
2026-05-26,2263.78759765625,2315.205623652634,2260.008270887014,2295.613098349941,3587597
2026-05-27,2271.744140625,2283.0821217701528,2248.571147658945,2262.5943570616037,2653950
2026-05-28,2271.744140625,2271.744140625,2271.744140625,2271.744140625,0
2026-05-29,2246.58203125,2321.2726050840133,2222.81245602518,2278.507085795833,16331582
2026-06-01,2284.8720703125,2322.267132829976,2267.5670504720965,2271.5452382799426,7505095
2026-06-02,2433.556884765625,2443.9996279549005,2303.569644295269,2307.34897134468,11306127
2026-06-03,2229.475830078125,2379.9508308808004,2212.6680838914085,2379.9508308808004,15660062
2026-06-04,2228.77978515625,2240.8139007540485,2204.5129359355733,2229.4759194813155,4867263
2026-06-05,2186.9091796875,2259.4117976453776,2180.0469028924485,2250.560184151513,5019717
2026-06-08,2139.668212890625,2165.128711955583,2131.6125282744956,2158.1668832997775,6536734
2026-06-09,2139.2705078125,2162.145087858845,2121.169801728995,2162.145087858845,4148655
2026-06-10,2142.154541015625,2168.907999188303,2133.1043096144995,2139.568864676436,2848650
2026-06-11,2123.95458984375,2142.8509821277357,2098.494090484758,2115.4013888441136,3079815
2026-06-12,2149.61376953125,2156.177876796519,2126.3414670622496,2138.276030955957,2124656
2026-06-15,2150.21044921875,2180.046856932239,2147.525221086398,2180.046856932239,3337083
2026-06-16,2187.0087890625,2196.954258771743,2148.818282502735,2155.183285992923,3079898
2026-06-17,2210.8779296875,2218.8343055028395,2188.6994835403766,2196.9542720106556,2865010
2026-06-18,2191.285400390625,2201.927004470057,2170.101501243751,2196.9542695909468,3735188
2026-06-19,2113.412353515625,2126.341464384191,2048.6672473500757,2093.521413717831,13286502
2026-06-22,2116.197021484375,2145.237743488044,2109.434053749718,2120.5729308842238,4566101
2026-06-23,2048.368896484375,2102.4721508294924,2043.7938836114508,2099.4885101234904,6392736
2026-06-24,2097.49951171875,2109.1356624395376,2049.7612582514666,2049.7612582514666,4747277
2026-06-25,2083.27734375,2136.78401555451,2076.61392807904,2121.965363861958,4738903
2026-06-26,2083.27734375,2083.27734375,2083.27734375,2083.27734375,0
2026-06-29,2086.4599609375,2093.521341445675,2059.706744956766,2078.6031371123327,3412470
2026-06-30,2020.422119140625,2092.8251853118586,2007.791421498655,2078.60311543387,6848411
2026-07-01,1971.788818359375,2040.8104030555382,1966.0205187179013,2028.776408877907,4658295
2026-07-02,2056.82275390625,2065.5745732846704,1991.580373389582,1997.0503819057583,6040621
2026-07-03,2082.083984375,2105.0581154318793,2073.6303355251375,2088.5485393778363,4028819
2026-07-06,2046.3798828125,2081.5867473982344,2039.4180542258837,2078.6031065753987,2567386
2026-07-07,2084.669921875,2111.124724588052,2037.8266642409067,2038.8212111731864,4769048
2026-07-08,2046.2803955078125,2098.1956989000228,2037.6278854106638,2082.5813599967723,3666985
2026-07-09,2038.323974609375,2053.7394523387943,2005.006651774823,2046.280350211656,3791498
2026-07-10,2057.717529296875,2121.666943317309,2053.341620075063,2093.7200783959847,6714551
2026-07-13,2169.604248046875,2192.8765503750355,2053.8390761022306,2063.684994131224,12382622
2026-07-14,2188.60009765625,2215.850586742918,2167.1177865856457,2170.996422535663,9546290
2026-07-15,2189.199951171875,2202.89990234375,2145.39990234375,2174.10009765625,5426489
2026-07-16,2201.0,2231.39990234375,2187.800048828125,2206.0,5197595
2026-07-17,2269.0,2275.0,2215.10009765625,2224.800048828125,5615138
2026-07-20,2251.10009765625,2283.39990234375,2245.10009765625,2280.10009765625,2202693
2026-07-21,2221.10009765625,2259.89990234375,2218.5,2245.10009765625,2382160
2026-07-22,2208.300048828125,2226.800048828125,2201.0,2216.0,1599665
2026-07-23,2242.89990234375,2250.0,2193.60009765625,2204.0,2503539
2026-07-24,2254.300048828125,2264.300048828125,2205.10009765625,2205.10009765625,3211699
2026-07-27,2295.60009765625,2315.0,2272.39990234375,2286.0,4007292
2026-07-28,2398.0,2417.39990234375,2323.0,2325.0,8248513
2026-07-29,2446.60009765625,2475.5,2415.10009765625,2440.0,7169419
2026-07-30,2431.800048828125,2495.0,2423.0,2440.0,4901582
2026-07-31,2365.60009765625,2391.0,2326.10009765625,2385.0,4343683
